"Domain","Function","Process_Id","Thread_Id","Correlation_Id","Start_Timestamp","End_Timestamp"
"HIP_RUNTIME_API_EXT","hipGetDeviceCount",1,1,1,67940174195296,67940582902503
"HIP_RUNTIME_API_EXT","hipGetDevicePropertiesR0600",1,1,2,67940582919146,67940582925394
"HIP_RUNTIME_API_EXT","hipGetDeviceCount",1,1,3,67940582932514,67940582933185
"HIP_RUNTIME_API_EXT","hipGetDeviceCount",1,1,4,67940582985196,67940582985286
"HIP_RUNTIME_API_EXT","hipGetDevice",1,1,5,67940583005804,67940583006946
"HIP_RUNTIME_API_EXT","hipDevicePrimaryCtxGetState",1,1,6,67940583242908,67940583245292
"HIP_RUNTIME_API_EXT","hipGetDevice",1,1,7,67940583247084,67940583247214
"HIP_RUNTIME_API_EXT","hipDevicePrimaryCtxGetState",1,1,8,67940583247665,67940583247765
"HIP_RUNTIME_API_EXT","hipGetDevice",1,1,9,67940583252351,67940583252441
"HIP_RUNTIME_API_EXT","hipDevicePrimaryCtxGetState",1,1,10,67940583252862,67940583252962
"HIP_RUNTIME_API_EXT","hipGetDevicePropertiesR0600",1,1,11,67940583610100,67940583611432
"HIP_RUNTIME_API_EXT","hipGetDevice",1,1,12,67940584288618,67940584289129
"HIP_RUNTIME_API_EXT","hipGetDevice",1,1,13,67940584342492,67940584342592
"HIP_RUNTIME_API_EXT","hipGetDevice",1,1,14,67940584351154,67940584351244
"HIP_RUNTIME_API_EXT","hipGetDevice",1,1,15,67940584353246,67940584353337
"HIP_RUNTIME_API_EXT","hipDeviceGetStreamPriorityRange",1,1,16,67940584355810,67940584357172
"HIP_RUNTIME_API_EXT","hipGetLastError",1,1,17,67940584382136,67940584383227
"HIP_RUNTIME_API_EXT","hipGetDevice",1,1,18,67940584384619,67940584384850
"HIP_RUNTIME_API_EXT","hipStreamIsCapturing",1,1,19,67940584400431,67940584412167
"HIP_RUNTIME_API_EXT","hipMalloc",1,1,20,67940584420639,67940584487520
"HIP_RUNTIME_API_EXT","hipGetDevice",1,1,21,67940584500888,67940584500999
"HIP_RUNTIME_API_EXT","hipGetDevice",1,1,22,67940584501960,67940584502040
"HIP_RUNTIME_API_EXT","hipGetDevice",1,1,23,67940584548233,67940584548333
"HIP_RUNTIME_API_EXT","hipGetDevice",1,1,24,67940584549745,67940584549825
"HIP_RUNTIME_API_EXT","hipDevicePrimaryCtxGetState",1,1,25,67940584552108,67940584552809
"HIP_RUNTIME_API_EXT","hipGetDevice",1,1,26,67940584553661,67940584553751
"HIP_RUNTIME_API_EXT","hipStreamIsCapturing",1,1,27,67940584555403,67940584555623
"HIP_RUNTIME_API_EXT","hipGetDevice",1,1,28,67940584557756,67940584557846
"HIP_RUNTIME_API_EXT","hipStreamGetCaptureInfo",1,1,29,67940584561351,67940584562953
"HIP_RUNTIME_API_EXT","hipMemcpyWithStream",1,1,30,67940584568951,67940857589554
"HIP_RUNTIME_API_EXT","hipGetDevice",1,1,31,67940857607068,67940857609551
"HIP_RUNTIME_API_EXT","hipGetDevice",1,1,32,67940857652840,67940857653051
"HIP_RUNTIME_API_EXT","hipGetDevice",1,1,33,67940857673388,67940857673569
"HIP_RUNTIME_API_EXT","hipGetDevice",1,1,34,67940857677594,67940857677684
"HIP_RUNTIME_API_EXT","hipGetDevice",1,1,35,67940857681670,67940857681910
"HIP_RUNTIME_API_EXT","hipGetLastError",1,1,36,67940857696039,67940857697511
"HIP_RUNTIME_API_EXT","hipGetDevice",1,1,37,67940857699204,67940857699294
"HIP_RUNTIME_API_EXT","hipStreamIsCapturing",1,1,38,67940857705512,67940857709027
"HIP_RUNTIME_API_EXT","hipMalloc",1,1,39,67940857710930,67940857754519
"HIP_RUNTIME_API_EXT","hipGetDevice",1,1,40,67940857769099,67940857769189
"HIP_RUNTIME_API_EXT","hipGetDevice",1,1,41,67940857770791,67940857770882
"HIP_RUNTIME_API_EXT","hipGetDevice",1,1,42,67940857797889,67940857797979
"HIP_RUNTIME_API_EXT","hipGetDevice",1,1,43,67940857799691,67940857799771
"HIP_RUNTIME_API_EXT","hipDevicePrimaryCtxGetState",1,1,44,67940857803626,67940857805559
"HIP_RUNTIME_API_EXT","hipGetDevice",1,1,45,67940857806550,67940857806651
"HIP_RUNTIME_API_EXT","hipStreamIsCapturing",1,1,46,67940857808743,67940857808894
"HIP_RUNTIME_API_EXT","hipGetDevice",1,1,47,67940857811167,67940857811257
"HIP_RUNTIME_API_EXT","hipStreamGetCaptureInfo",1,1,48,67940857818046,67940857819798
"HIP_RUNTIME_API_EXT","hipMemcpyWithStream",1,1,49,67940857822352,67940858920413
"HIP_RUNTIME_API_EXT","hipGetDevice",1,1,50,67940858921905,67940858922326
"HIP_RUNTIME_API_EXT","hipGetDevice",1,1,51,67940859164497,67940859164808
"HIP_RUNTIME_API_EXT","hipGetDevice",1,1,52,67940859216128,67940859216238
"HIP_RUNTIME_API_EXT","hipGetDevice",1,1,53,67940859227443,67940859227543
"HIP_RUNTIME_API_EXT","hipGetDevice",1,1,54,67940859229556,67940859229646
"HIP_RUNTIME_API_EXT","hipGetDevice",1,1,55,67940859235244,67940859235334
"HIP_RUNTIME_API_EXT","hipGetDevice",1,1,56,67940859236385,67940859236476
"HIP_RUNTIME_API_EXT","hipGetDevice",1,1,57,67940859245308,67940859245408
"HIP_RUNTIME_API_EXT","hipGetDevice",1,1,58,67940859256894,67940859256984
"HIP_RUNTIME_API_EXT","hipLaunchKernel",1,1,59,67940859278042,67940931266813
"HIP_RUNTIME_API_EXT","hipGetLastError",1,1,60,67940931275955,67940931277548
"HIP_RUNTIME_API_EXT","hipGetLastError",1,1,61,67940931281533,67940931281613
"HIP_RUNTIME_API_EXT","hipGetDevice",1,1,62,67940931285539,67940931287191
"HIP_RUNTIME_API_EXT","hipGetDevice",1,1,63,67940931302762,67940931302942
"HIP_RUNTIME_API_EXT","hipGetDevice",1,1,64,67940931579510,67940931579761
"HIP_RUNTIME_API_EXT","hipGetDevice",1,1,65,67940931584267,67940931584357
"HIP_RUNTIME_API_EXT","hipGetDevice",1,1,66,67940931588503,67940931588593
"HIP_RUNTIME_API_EXT","hipGetLastError",1,1,67,67940931599488,67940931599588
"HIP_RUNTIME_API_EXT","hipGetDevice",1,1,68,67940931601440,67940931601531
"HIP_RUNTIME_API_EXT","hipStreamIsCapturing",1,1,69,67940931606547,67940931609822
"HIP_RUNTIME_API_EXT","hipMalloc",1,1,70,67940931611674,67940931663215
"HIP_RUNTIME_API_EXT","hipGetDevice",1,1,71,67940931675882,67940931675992
"HIP_RUNTIME_API_EXT","hipGetDevice",1,1,72,67940931677434,67940931677525
"HIP_RUNTIME_API_EXT","hipGetDevice",1,1,73,67940931688840,67940931688940
"HIP_RUNTIME_API_EXT","hipGetDevice",1,1,74,67940931700436,67940931700526
"HIP_RUNTIME_API_EXT","hipGetDevice",1,1,75,67940931726772,67940931726862
"HIP_RUNTIME_API_EXT","hipGetDevice",1,1,76,67940931727994,67940931728084
"HIP_RUNTIME_API_EXT","hipGetDevice",1,1,77,67940931729015,67940931729105
"HIP_RUNTIME_API_EXT","hipDevicePrimaryCtxGetState",1,1,78,67940931732650,67940931734613
"HIP_RUNTIME_API_EXT","hipGetDevice",1,1,79,67940931735494,67940931735584
"HIP_RUNTIME_API_EXT","hipStreamGetCaptureInfo",1,1,80,67940931738798,67940931740731
"HIP_RUNTIME_API_EXT","hipGetDevice",1,1,81,67940931741842,67940931741933
"HIP_RUNTIME_API_EXT","hipDevicePrimaryCtxGetState",1,1,82,67940931742323,67940931742423
"HIP_RUNTIME_API_EXT","hipGetDevice",1,1,83,67940931742824,67940931742914
"HIP_RUNTIME_API_EXT","hipStreamGetCaptureInfo",1,1,84,67940931743475,67940931743575
"HIP_RUNTIME_API_EXT","hipGetDevice",1,1,85,67940931745197,67940931745287
"HIP_RUNTIME_API_EXT","hipLaunchKernel",1,1,86,67940931753218,67940978823367
"HIP_RUNTIME_API_EXT","hipGetLastError",1,1,87,67940978826421,67940978826832
"HIP_RUNTIME_API_EXT","hipGetDevice",1,1,88,67940978830427,67940978830867
"HIP_RUNTIME_API_EXT","hipDriverGetVersion",1,1,89,67942346534364,67942346538420
"HIP_RUNTIME_API_EXT","hipGetProcAddress",1,1,90,67942346553931,67942346606012
"HIP_RUNTIME_API_EXT","hipGetProcAddress",1,1,91,67942346607384,67942346609918
"HIP_RUNTIME_API_EXT","hipGetProcAddress",1,1,92,67942346610328,67942346613022
"HIP_RUNTIME_API_EXT","hipGetProcAddress",1,1,93,67942346613533,67942346614244
"HIP_RUNTIME_API_EXT","hipGetProcAddress",1,1,94,67942346614754,67942346615475
"HIP_RUNTIME_API_EXT","hipGetProcAddress",1,1,95,67942346619661,67942346620492
"HIP_RUNTIME_API_EXT","hipGetProcAddress",1,1,96,67942346620833,67942346621223
"HIP_RUNTIME_API_EXT","hipGetProcAddress",1,1,97,67942346621584,67942346621994
"HIP_RUNTIME_API_EXT","hipGetProcAddress",1,1,98,67942346622495,67942346623186
"HIP_RUNTIME_API_EXT","hipGetProcAddress",1,1,99,67942346623586,67942346624137
"HIP_RUNTIME_API_EXT","hipGetProcAddress",1,1,100,67942346624447,67942346625379
"HIP_RUNTIME_API_EXT","hipGetDevice",1,1,101,67942346710065,67942346711927
"HIP_RUNTIME_API_EXT","hipGetDevicePropertiesR0600",1,1,102,67942346715392,67942346720509
"HIP_RUNTIME_API_EXT","hipGetDevice",1,1,103,67943141689764,67943141693859
"HIP_RUNTIME_API_EXT","hipGetDevice",1,1,104,67943141702932,67943141703042
"HIP_RUNTIME_API_EXT","hipGetDevice",1,1,105,67943141707167,67943141707258
"HIP_RUNTIME_API_EXT","hipGetDevice",1,1,106,67943141724691,67943141724782
"HIP_RUNTIME_API_EXT","hipGetDevice",1,1,107,67943141726053,67943141726143
"HIP_RUNTIME_API_EXT","hipGetDevice",1,1,108,67943141733824,67943141733924
"HIP_RUNTIME_API_EXT","hipGetDevice",1,1,109,67943141734475,67943141734565
"HIP_RUNTIME_API_EXT","hipGetDevice",1,1,110,67943141735166,67943141735256
"HIP_RUNTIME_API_EXT","hipGetDevice",1,1,111,67943141737459,67943141737549
"HIP_RUNTIME_API_EXT","hipGetDevice",1,1,112,67943141738110,67943141738200
"HIP_RUNTIME_API_EXT","hipGetDevice",1,1,113,67943141845727,67943141845837
"HIP_RUNTIME_API_EXT","hipGetDevice",1,1,114,67943141858815,67943141858915
"HIP_RUNTIME_API_EXT","hipGetDevicePropertiesR0600",1,1,115,67943141863111,67943141867216
"HIP_RUNTIME_API_EXT","hipGetDevice",1,1,116,67943693042580,67943693046696
"HIP_RUNTIME_API_EXT","hipGetDevicePropertiesR0600",1,1,117,67943693108821,67943693117343
"HIP_RUNTIME_API_EXT","hipModuleLoadDataEx",1,1,118,67943693142207,67943711546731
"HIP_RUNTIME_API_EXT","hipModuleGetFunction",1,1,119,67943711552980,67943711558568
"HIP_RUNTIME_API_EXT","hipFuncGetAttribute",1,1,120,67943711560060,67943711561492
"HIP_RUNTIME_API_EXT","hipFuncGetAttribute",1,1,121,67943711562162,67943711562283
"HIP_RUNTIME_API_EXT","hipFuncGetAttribute",1,1,122,67943711562723,67943711562843
"HIP_RUNTIME_API_EXT","hipGetDevice",1,1,123,67943711576662,67943711577604
"HIP_RUNTIME_API_EXT","hipGetDevicePropertiesR0600",1,1,124,67943711580257,67943711584102
"HIP_RUNTIME_API_EXT","hipPointerGetAttribute",1,1,125,67943711635783,67943711644936
"HIP_RUNTIME_API_EXT","hipPointerGetAttribute",1,1,126,67943711646237,67943711646428
"HIP_RUNTIME_API_EXT","hipPointerGetAttribute",1,1,127,67943711647239,67943711647359
"HIP_RUNTIME_API_EXT","hipModuleLaunchKernel",1,1,128,67943711652666,67943711694804
"HIP_RUNTIME_API_EXT","hipGetDevice",1,1,129,67943711749399,67943711749639
"HIP_RUNTIME_API_EXT","hipGetDevice",1,1,130,67943711754646,67943711754736
"HIP_RUNTIME_API_EXT","hipGetDevice",1,1,131,67943711758591,67943711758681
"HIP_RUNTIME_API_EXT","hipGetDevice",1,1,132,67943711779830,67943711780010
"HIP_RUNTIME_API_EXT","hipGetDevice",1,1,133,67943711782143,67943711782243
"HIP_RUNTIME_API_EXT","hipGetDevice",1,1,134,67943712108990,67943712109481
"HIP_RUNTIME_API_EXT","hipGetDevice",1,1,135,67943712110632,67943712110723
"HIP_RUNTIME_API_EXT","hipGetDevice",1,1,136,67943712111564,67943712111654
"HIP_RUNTIME_API_EXT","hipGetDevice",1,1,137,67943712115910,67943712116010
"HIP_RUNTIME_API_EXT","hipGetDevice",1,1,138,67943712116420,67943712116510
"HIP_RUNTIME_API_EXT","hipGetDevice",1,1,139,67943712151488,67943712151578
"HIP_RUNTIME_API_EXT","hipGetDevice",1,1,140,67943712167300,67943712167400
"HIP_RUNTIME_API_EXT","hipGetDevicePropertiesR0600",1,1,141,67943712173078,67943712175281
"HIP_RUNTIME_API_EXT","hipGetDevice",1,1,142,67943907348222,67943907352067
"HIP_RUNTIME_API_EXT","hipModuleLoadDataEx",1,1,143,67943907416845,67943923689545
"HIP_RUNTIME_API_EXT","hipModuleGetFunction",1,1,144,67943923693110,67943923697376
"HIP_RUNTIME_API_EXT","hipFuncGetAttribute",1,1,145,67943923698708,67943923700049
"HIP_RUNTIME_API_EXT","hipFuncGetAttribute",1,1,146,67943923700600,67943923700710
"HIP_RUNTIME_API_EXT","hipFuncGetAttribute",1,1,147,67943923701151,67943923701261
"HIP_RUNTIME_API_EXT","hipGetDevice",1,1,148,67943923709122,67943923709843
"HIP_RUNTIME_API_EXT","hipGetDevicePropertiesR0600",1,1,149,67943923712607,67943923717934
"HIP_RUNTIME_API_EXT","hipPointerGetAttribute",1,1,150,67943923766300,67943923770646
"HIP_RUNTIME_API_EXT","hipPointerGetAttribute",1,1,151,67943923771938,67943923773089
"HIP_RUNTIME_API_EXT","hipPointerGetAttribute",1,1,152,67943923773920,67943923774061
"HIP_RUNTIME_API_EXT","hipPointerGetAttribute",1,1,153,67943923774842,67943923774962
"HIP_RUNTIME_API_EXT","hipPointerGetAttribute",1,1,154,67943923775883,67943923776604
"HIP_RUNTIME_API_EXT","hipModuleLaunchKernel",1,1,155,67943923781481,67943923820534
"HIP_RUNTIME_API_EXT","hipGetDevice",1,1,156,67943923860889,67943923861010
"HIP_RUNTIME_API_EXT","hipGetDevice",1,1,157,67943923875339,67943923875459
"HIP_RUNTIME_API_EXT","hipGetDevicePropertiesR0600",1,1,158,67943923876411,67943923877001
"HIP_RUNTIME_API_EXT","hipGetDevice",1,1,159,67943959756890,67943959759434
"HIP_RUNTIME_API_EXT","hipModuleLoadDataEx",1,1,160,67943959798577,67943981352618
"HIP_RUNTIME_API_EXT","hipModuleGetFunction",1,1,161,67943981356173,67943981359928
"HIP_RUNTIME_API_EXT","hipFuncGetAttribute",1,1,162,67943981361410,67943981362712
"HIP_RUNTIME_API_EXT","hipFuncGetAttribute",1,1,163,67943981363283,67943981363413
"HIP_RUNTIME_API_EXT","hipFuncGetAttribute",1,1,164,67943981366808,67943981366938
"HIP_RUNTIME_API_EXT","hipGetDevice",1,1,165,67943981372275,67943981372806
"HIP_RUNTIME_API_EXT","hipGetDevicePropertiesR0600",1,1,166,67943981374939,67943981378854
"HIP_RUNTIME_API_EXT","hipPointerGetAttribute",1,1,167,67943981411148,67943981415304
"HIP_RUNTIME_API_EXT","hipPointerGetAttribute",1,1,168,67943981416365,67943981416505
"HIP_RUNTIME_API_EXT","hipModuleLaunchKernel",1,1,169,67943981421853,67943981458653
"HIP_RUNTIME_API_EXT","hipGetDevice",1,1,170,67943981645989,67943981646159
"HIP_RUNTIME_API_EXT","hipGetDevice",1,1,171,67943981650676,67943981650766
"HIP_RUNTIME_API_EXT","hipGetDevice",1,1,172,67943981654591,67943981654691
"HIP_RUNTIME_API_EXT","hipGetDevice",1,1,173,67943981667038,67943981667138
"HIP_RUNTIME_API_EXT","hipGetDevice",1,1,174,67943981668550,67943981668630
"HIP_RUNTIME_API_EXT","hipGetDevice",1,1,175,67943981675590,67943981675690
"HIP_RUNTIME_API_EXT","hipGetDevice",1,1,176,67943981676070,67943981676160
"HIP_RUNTIME_API_EXT","hipGetDevice",1,1,177,67943981676521,67943981676611
"HIP_RUNTIME_API_EXT","hipGetDevice",1,1,178,67943981678073,67943981678163
"HIP_RUNTIME_API_EXT","hipGetDevice",1,1,179,67943981678664,67943981678754
"HIP_RUNTIME_API_EXT","hipGetDevice",1,1,180,67943981742701,67943981742792
"HIP_RUNTIME_API_EXT","hipPointerGetAttribute",1,1,181,67943981792399,67943981792740
"HIP_RUNTIME_API_EXT","hipPointerGetAttribute",1,1,182,67943981793221,67943981793351
"HIP_RUNTIME_API_EXT","hipPointerGetAttribute",1,1,183,67943981793811,67943981793921
"HIP_RUNTIME_API_EXT","hipModuleLaunchKernel",1,1,184,67943981795013,67943981804896
"HIP_RUNTIME_API_EXT","hipGetDevice",1,1,185,67943981811696,67943981811806
"HIP_RUNTIME_API_EXT","hipGetDevice",1,1,186,67943981812226,67943981812317
"HIP_RUNTIME_API_EXT","hipGetDevice",1,1,187,67943981812947,67943981813028
"HIP_RUNTIME_API_EXT","hipGetDevice",1,1,188,67943981816863,67943981816963
"HIP_RUNTIME_API_EXT","hipGetDevice",1,1,189,67943981817484,67943981817574
"HIP_RUNTIME_API_EXT","hipGetDevice",1,1,190,67943981907487,67943981907607
"HIP_RUNTIME_API_EXT","hipGetDevice",1,1,191,67943981908098,67943981908188
"HIP_RUNTIME_API_EXT","hipGetDevice",1,1,192,67943981908738,67943981908829
"HIP_RUNTIME_API_EXT","hipGetDevice",1,1,193,67943981910641,67943981910741
"HIP_RUNTIME_API_EXT","hipGetDevice",1,1,194,67943981911152,67943981911242
"HIP_RUNTIME_API_EXT","hipGetDevice",1,1,195,67943981930068,67943981930168
"HIP_RUNTIME_API_EXT","hipPointerGetAttribute",1,1,196,67943981965726,67943981966007
"HIP_RUNTIME_API_EXT","hipPointerGetAttribute",1,1,197,67943981966688,67943981967809
"HIP_RUNTIME_API_EXT","hipPointerGetAttribute",1,1,198,67943981968250,67943981968380
"HIP_RUNTIME_API_EXT","hipPointerGetAttribute",1,1,199,67943981968851,67943981968961
"HIP_RUNTIME_API_EXT","hipPointerGetAttribute",1,1,200,67943981969572,67943981970102
"HIP_RUNTIME_API_EXT","hipModuleLaunchKernel",1,1,201,67943981970913,67943981980186
"HIP_RUNTIME_API_EXT","hipGetDevice",1,1,202,67943981994416,67943981994516
"HIP_RUNTIME_API_EXT","hipPointerGetAttribute",1,1,203,67943982013782,67943982013982
"HIP_RUNTIME_API_EXT","hipPointerGetAttribute",1,1,204,67943982014493,67943982014613
"HIP_RUNTIME_API_EXT","hipModuleLaunchKernel",1,1,205,67943982015384,67943982021903
"HIP_RUNTIME_API_EXT","hipGetDevice",1,1,206,67943982048890,67943982049000
"HIP_RUNTIME_API_EXT","hipGetDevice",1,1,207,67943982049501,67943982049591
"HIP_RUNTIME_API_EXT","hipGetDevice",1,1,208,67943982050122,67943982050212
"HIP_RUNTIME_API_EXT","hipGetDevice",1,1,209,67943982051634,67943982051724
"HIP_RUNTIME_API_EXT","hipGetDevice",1,1,210,67943982052094,67943982052185
"HIP_RUNTIME_API_EXT","hipGetDevice",1,1,211,67943982056911,67943982057011
"HIP_RUNTIME_API_EXT","hipGetDevice",1,1,212,67943982057452,67943982057552
"HIP_RUNTIME_API_EXT","hipGetDevice",1,1,213,67943982058123,67943982058203
"HIP_RUNTIME_API_EXT","hipGetDevice",1,1,214,67943982059184,67943982059284
"HIP_RUNTIME_API_EXT","hipGetDevice",1,1,215,67943982059665,67943982059755
"HIP_RUNTIME_API_EXT","hipGetDevice",1,1,216,67943982075136,67943982075226
"HIP_RUNTIME_API_EXT","hipPointerGetAttribute",1,1,217,67943982090407,67943982090627
"HIP_RUNTIME_API_EXT","hipPointerGetAttribute",1,1,218,67943982091118,67943982091248
"HIP_RUNTIME_API_EXT","hipPointerGetAttribute",1,1,219,67943982091879,67943982092069
"HIP_RUNTIME_API_EXT","hipModuleLaunchKernel",1,1,220,67943982093050,67943982099950
"HIP_RUNTIME_API_EXT","hipGetDevice",1,1,221,67943982105497,67943982105598
"HIP_RUNTIME_API_EXT","hipGetDevice",1,1,222,67943982106098,67943982106188
"HIP_RUNTIME_API_EXT","hipGetDevice",1,1,223,67943982106649,67943982106729
"HIP_RUNTIME_API_EXT","hipGetDevice",1,1,224,67943982107771,67943982107871
"HIP_RUNTIME_API_EXT","hipGetDevice",1,1,225,67943982110785,67943982110875
"HIP_RUNTIME_API_EXT","hipGetDevice",1,1,226,67943982154014,67943982154124
"HIP_RUNTIME_API_EXT","hipGetDevice",1,1,227,67943982154585,67943982154685
"HIP_RUNTIME_API_EXT","hipGetDevice",1,1,228,67943982155095,67943982155185
"HIP_RUNTIME_API_EXT","hipGetDevice",1,1,229,67943982156207,67943982156307
"HIP_RUNTIME_API_EXT","hipGetDevice",1,1,230,67943982156728,67943982156818
"HIP_RUNTIME_API_EXT","hipGetDevice",1,1,231,67943982167122,67943982167212
"HIP_RUNTIME_API_EXT","hipPointerGetAttribute",1,1,232,67943982191335,67943982191595
"HIP_RUNTIME_API_EXT","hipPointerGetAttribute",1,1,233,67943982192106,67943982192316
"HIP_RUNTIME_API_EXT","hipPointerGetAttribute",1,1,234,67943982194429,67943982194569
"HIP_RUNTIME_API_EXT","hipPointerGetAttribute",1,1,235,67943982195070,67943982195180
"HIP_RUNTIME_API_EXT","hipPointerGetAttribute",1,1,236,67943982195631,67943982195781
"HIP_RUNTIME_API_EXT","hipModuleLaunchKernel",1,1,237,67943982196722,67943982203902
"HIP_RUNTIME_API_EXT","hipGetDevice",1,1,238,67943982214867,67943982214967
"HIP_RUNTIME_API_EXT","hipPointerGetAttribute",1,1,239,67943982225441,67943982225622
"HIP_RUNTIME_API_EXT","hipPointerGetAttribute",1,1,240,67943982226092,67943982226223
"HIP_RUNTIME_API_EXT","hipModuleLaunchKernel",1,1,241,67943982226813,67943982232141
"HIP_RUNTIME_API_EXT","hipGetDevice",1,1,242,67943982250906,67943982251026
"HIP_RUNTIME_API_EXT","hipGetDevice",1,1,243,67943982251707,67943982251798
"HIP_RUNTIME_API_EXT","hipGetDevice",1,1,244,67943982253410,67943982253500
"HIP_RUNTIME_API_EXT","hipGetDevice",1,1,245,67943982254722,67943982254822
"HIP_RUNTIME_API_EXT","hipGetDevice",1,1,246,67943982255242,67943982255332
"HIP_RUNTIME_API_EXT","hipGetDevice",1,1,247,67943982257245,67943982257345
"HIP_RUNTIME_API_EXT","hipGetDevice",1,1,248,67943982257746,67943982257836
"HIP_RUNTIME_API_EXT","hipGetDevice",1,1,249,67943982258226,67943982258326
"HIP_RUNTIME_API_EXT","hipGetDevice",1,1,250,67943982259067,67943982259168
"HIP_RUNTIME_API_EXT","hipGetDevice",1,1,251,67943982259548,67943982259638
"HIP_RUNTIME_API_EXT","hipGetDevice",1,1,252,67943982271214,67943982271314
"HIP_RUNTIME_API_EXT","hipPointerGetAttribute",1,1,253,67943982283741,67943982283921
"HIP_RUNTIME_API_EXT","hipPointerGetAttribute",1,1,254,67943982284402,67943982284532
"HIP_RUNTIME_API_EXT","hipPointerGetAttribute",1,1,255,67943982284983,67943982285103
"HIP_RUNTIME_API_EXT","hipModuleLaunchKernel",1,1,256,67943982285764,67943982292924
"HIP_RUNTIME_API_EXT","hipGetDevice",1,1,257,67943982297520,67943982297620
"HIP_RUNTIME_API_EXT","hipGetDevice",1,1,258,67943982299433,67943982299533
"HIP_RUNTIME_API_EXT","hipGetDevice",1,1,259,67943982299983,67943982300074
"HIP_RUNTIME_API_EXT","hipGetDevice",1,1,260,67943982303408,67943982303508
"HIP_RUNTIME_API_EXT","hipGetDevice",1,1,261,67943982304149,67943982304239
"HIP_RUNTIME_API_EXT","hipGetDevice",1,1,262,67943982338366,67943982338476
"HIP_RUNTIME_API_EXT","hipGetDevice",1,1,263,67943982338897,67943982338997
"HIP_RUNTIME_API_EXT","hipGetDevice",1,1,264,67943982339447,67943982339537
"HIP_RUNTIME_API_EXT","hipGetDevice",1,1,265,67943982340609,67943982340709
"HIP_RUNTIME_API_EXT","hipGetDevice",1,1,266,67943982341140,67943982341230
"HIP_RUNTIME_API_EXT","hipGetDevice",1,1,267,67943982349030,67943982349131
"HIP_RUNTIME_API_EXT","hipPointerGetAttribute",1,1,268,67943982369078,67943982369258
"HIP_RUNTIME_API_EXT","hipPointerGetAttribute",1,1,269,67943982369769,67943982369949
"HIP_RUNTIME_API_EXT","hipPointerGetAttribute",1,1,270,67943982370390,67943982370510
"HIP_RUNTIME_API_EXT","hipPointerGetAttribute",1,1,271,67943982371001,67943982371121
"HIP_RUNTIME_API_EXT","hipPointerGetAttribute",1,1,272,67943982371551,67943982371691
"HIP_RUNTIME_API_EXT","hipModuleLaunchKernel",1,1,273,67943982372513,67943982380904
"HIP_RUNTIME_API_EXT","hipGetDevice",1,1,274,67943982390387,67943982390487
"HIP_RUNTIME_API_EXT","hipPointerGetAttribute",1,1,275,67943982400411,67943982401382
"HIP_RUNTIME_API_EXT","hipPointerGetAttribute",1,1,276,67943982402023,67943982402143
"HIP_RUNTIME_API_EXT","hipModuleLaunchKernel",1,1,277,67943982402704,67943982408402
"HIP_RUNTIME_API_EXT","hipGetDevice",1,1,278,67943982426406,67943982426506
"HIP_RUNTIME_API_EXT","hipGetDevice",1,1,279,67943982426967,67943982427057
"HIP_RUNTIME_API_EXT","hipGetDevice",1,1,280,67943982428930,67943982429020
"HIP_RUNTIME_API_EXT","hipGetDevice",1,1,281,67943982431303,67943982431393
"HIP_RUNTIME_API_EXT","hipGetDevice",1,1,282,67943982431804,67943982431894
"HIP_RUNTIME_API_EXT","hipGetDevice",1,1,283,67943982433846,67943982433947
"HIP_RUNTIME_API_EXT","hipGetDevice",1,1,284,67943982434618,67943982434708
"HIP_RUNTIME_API_EXT","hipGetDevice",1,1,285,67943982435088,67943982435178
"HIP_RUNTIME_API_EXT","hipGetDevice",1,1,286,67943982435949,67943982436039
"HIP_RUNTIME_API_EXT","hipGetDevice",1,1,287,67943982436500,67943982436580
"HIP_RUNTIME_API_EXT","hipGetDevice",1,1,288,67943982446824,67943982446924
"HIP_RUNTIME_API_EXT","hipPointerGetAttribute",1,1,289,67943982458620,67943982458801
"HIP_RUNTIME_API_EXT","hipPointerGetAttribute",1,1,290,67943982459281,67943982459401
"HIP_RUNTIME_API_EXT","hipPointerGetAttribute",1,1,291,67943982459952,67943982460062
"HIP_RUNTIME_API_EXT","hipModuleLaunchKernel",1,1,292,67943982460743,67943982467843
"HIP_RUNTIME_API_EXT","hipGetDevice",1,1,293,67943982471929,67943982472029
"HIP_RUNTIME_API_EXT","hipGetDevice",1,1,294,67943982472700,67943982472790
"HIP_RUNTIME_API_EXT","hipGetDevice",1,1,295,67943982473411,67943982473501
"HIP_RUNTIME_API_EXT","hipGetDevice",1,1,296,67943982474592,67943982474682
"HIP_RUNTIME_API_EXT","hipGetDevice",1,1,297,67943982475223,67943982475303
"HIP_RUNTIME_API_EXT","hipGetDevice",1,1,298,67943982510742,67943982510842
"HIP_RUNTIME_API_EXT","hipGetDevice",1,1,299,67943982511322,67943982511413
"HIP_RUNTIME_API_EXT","hipGetDevice",1,1,300,67943982511843,67943982511933
"HIP_RUNTIME_API_EXT","hipGetDevice",1,1,301,67943982512774,67943982512875
"HIP_RUNTIME_API_EXT","hipGetDevice",1,1,302,67943982513265,67943982513345
"HIP_RUNTIME_API_EXT","hipGetDevice",1,1,303,67943982520695,67943982520795
"HIP_RUNTIME_API_EXT","hipPointerGetAttribute",1,1,304,67943982540783,67943982540983
"HIP_RUNTIME_API_EXT","hipPointerGetAttribute",1,1,305,67943982541704,67943982541864
"HIP_RUNTIME_API_EXT","hipPointerGetAttribute",1,1,306,67943982542315,67943982542425
"HIP_RUNTIME_API_EXT","hipPointerGetAttribute",1,1,307,67943982542916,67943982543036
"HIP_RUNTIME_API_EXT","hipPointerGetAttribute",1,1,308,67943982543486,67943982543637
"HIP_RUNTIME_API_EXT","hipModuleLaunchKernel",1,1,309,67943982544267,67943982551047
"HIP_RUNTIME_API_EXT","hipGetDevice",1,1,310,67943982559989,67943982560890
"HIP_RUNTIME_API_EXT","hipPointerGetAttribute",1,1,311,67943982569722,67943982569872
"HIP_RUNTIME_API_EXT","hipPointerGetAttribute",1,1,312,67943982570363,67943982570483
"HIP_RUNTIME_API_EXT","hipModuleLaunchKernel",1,1,313,67943982571214,67943982577182
"HIP_RUNTIME_API_EXT","hipGetDevice",1,1,314,67943982594226,67943982594326
"HIP_RUNTIME_API_EXT","hipGetDevice",1,1,315,67943982595027,67943982595117
"HIP_RUNTIME_API_EXT","hipGetDevice",1,1,316,67943982596289,67943982596379
"HIP_RUNTIME_API_EXT","hipGetDevice",1,1,317,67943982597210,67943982597300
"HIP_RUNTIME_API_EXT","hipGetDevice",1,1,318,67943982597711,67943982597791
"HIP_RUNTIME_API_EXT","hipGetDevice",1,1,319,67943982599663,67943982599763
"HIP_RUNTIME_API_EXT","hipGetDevice",1,1,320,67943982600174,67943982600254
"HIP_RUNTIME_API_EXT","hipGetDevice",1,1,321,67943982600845,67943982600925
"HIP_RUNTIME_API_EXT","hipGetDevice",1,1,322,67943982601686,67943982601776
"HIP_RUNTIME_API_EXT","hipGetDevice",1,1,323,67943982602167,67943982602257
"HIP_RUNTIME_API_EXT","hipGetDevice",1,1,324,67943982611740,67943982611840
"HIP_RUNTIME_API_EXT","hipPointerGetAttribute",1,1,325,67943982622214,67943982622384
"HIP_RUNTIME_API_EXT","hipPointerGetAttribute",1,1,326,67943982622855,67943982622975
"HIP_RUNTIME_API_EXT","hipPointerGetAttribute",1,1,327,67943982624677,67943982624818
"HIP_RUNTIME_API_EXT","hipModuleLaunchKernel",1,1,328,67943982625458,67943982632138
"HIP_RUNTIME_API_EXT","hipGetDevice",1,1,329,67943982636393,67943982636494
"HIP_RUNTIME_API_EXT","hipGetDevice",1,1,330,67943982636934,67943982637024
"HIP_RUNTIME_API_EXT","hipGetDevice",1,1,331,67943982637495,67943982637585
"HIP_RUNTIME_API_EXT","hipGetDevice",1,1,332,67943982638466,67943982638556
"HIP_RUNTIME_API_EXT","hipGetDevice",1,1,333,67943982639007,67943982639097
"HIP_RUNTIME_API_EXT","hipGetDevice",1,1,334,67943982671411,67943982671521
"HIP_RUNTIME_API_EXT","hipGetDevice",1,1,335,67943982672042,67943982672132
"HIP_RUNTIME_API_EXT","hipGetDevice",1,1,336,67943982672573,67943982672663
"HIP_RUNTIME_API_EXT","hipGetDevice",1,1,337,67943982673684,67943982673785
"HIP_RUNTIME_API_EXT","hipGetDevice",1,1,338,67943982674175,67943982674265
"HIP_RUNTIME_API_EXT","hipGetDevice",1,1,339,67943982681195,67943982681295
"HIP_RUNTIME_API_EXT","hipPointerGetAttribute",1,1,340,67943982699720,67943982699900
"HIP_RUNTIME_API_EXT","hipPointerGetAttribute",1,1,341,67943982700421,67943982700571
"HIP_RUNTIME_API_EXT","hipPointerGetAttribute",1,1,342,67943982701032,67943982701152
"HIP_RUNTIME_API_EXT","hipPointerGetAttribute",1,1,343,67943982701593,67943982701713
"HIP_RUNTIME_API_EXT","hipPointerGetAttribute",1,1,344,67943982702173,67943982702314
"HIP_RUNTIME_API_EXT","hipModuleLaunchKernel",1,1,345,67943982703145,67943982710345
"HIP_RUNTIME_API_EXT","hipGetDevice",1,1,346,67943982719127,67943982719227
"HIP_RUNTIME_API_EXT","hipPointerGetAttribute",1,1,347,67943982727318,67943982727478
"HIP_RUNTIME_API_EXT","hipPointerGetAttribute",1,1,348,67943982727979,67943982728089
"HIP_RUNTIME_API_EXT","hipModuleLaunchKernel",1,1,349,67943982728670,67943982745422
"HIP_RUNTIME_API_EXT","hipGetDevice",1,1,350,67943982762135,67943982762235
"HIP_RUNTIME_API_EXT","hipGetDevice",1,1,351,67943982781422,67943982781522
"HIP_RUNTIME_API_EXT","hipGetDevice",1,1,352,67943982783645,67943982783735
"HIP_RUNTIME_API_EXT","hipGetDevice",1,1,353,67943982784616,67943982784706
"HIP_RUNTIME_API_EXT","hipGetDevice",1,1,354,67943982785087,67943982785177
"HIP_RUNTIME_API_EXT","hipGetDevice",1,1,355,67943982787150,67943982787250
"HIP_RUNTIME_API_EXT","hipGetDevice",1,1,356,67943982787670,67943982787760
"HIP_RUNTIME_API_EXT","hipGetDevice",1,1,357,67943982788211,67943982788291
"HIP_RUNTIME_API_EXT","hipGetDevice",1,1,358,67943982789032,67943982789132
"HIP_RUNTIME_API_EXT","hipGetDevice",1,1,359,67943982789693,67943982789773
"HIP_RUNTIME_API_EXT","hipGetDevice",1,1,360,67943982799466,67943982799567
"HIP_RUNTIME_API_EXT","hipPointerGetAttribute",1,1,361,67943982810862,67943982811042
"HIP_RUNTIME_API_EXT","hipPointerGetAttribute",1,1,362,67943982812014,67943982812134
"HIP_RUNTIME_API_EXT","hipPointerGetAttribute",1,1,363,67943982812604,67943982812725
"HIP_RUNTIME_API_EXT","hipModuleLaunchKernel",1,1,364,67943982813325,67943982821046
"HIP_RUNTIME_API_EXT","hipGetDevice",1,1,365,67943982825913,67943982826013
"HIP_RUNTIME_API_EXT","hipGetDevice",1,1,366,67943982826493,67943982826573
"HIP_RUNTIME_API_EXT","hipGetDevice",1,1,367,67943982827284,67943982827375
"HIP_RUNTIME_API_EXT","hipGetDevice",1,1,368,67943982828176,67943982828276
"HIP_RUNTIME_API_EXT","hipGetDevice",1,1,369,67943982828696,67943982828776
"HIP_RUNTIME_API_EXT","hipGetDevice",1,1,370,67943982862513,67943982862623
"HIP_RUNTIME_API_EXT","hipGetDevice",1,1,371,67943982863254,67943982863344
"HIP_RUNTIME_API_EXT","hipGetDevice",1,1,372,67943982863774,67943982863864
"HIP_RUNTIME_API_EXT","hipGetDevice",1,1,373,67943982864646,67943982864746
"HIP_RUNTIME_API_EXT","hipGetDevice",1,1,374,67943982865116,67943982865206
"HIP_RUNTIME_API_EXT","hipGetDevice",1,1,375,67943982875080,67943982875180
"HIP_RUNTIME_API_EXT","hipPointerGetAttribute",1,1,376,67943982892243,67943982892424
"HIP_RUNTIME_API_EXT","hipPointerGetAttribute",1,1,377,67943982892944,67943982893104
"HIP_RUNTIME_API_EXT","hipPointerGetAttribute",1,1,378,67943982893565,67943982893685
"HIP_RUNTIME_API_EXT","hipPointerGetAttribute",1,1,379,67943982894156,67943982894276
"HIP_RUNTIME_API_EXT","hipPointerGetAttribute",1,1,380,67943982894747,67943982894887
"HIP_RUNTIME_API_EXT","hipModuleLaunchKernel",1,1,381,67943982895528,67943982902657
"HIP_RUNTIME_API_EXT","hipGetDevice",1,1,382,67943982911029,67943982911129
"HIP_RUNTIME_API_EXT","hipPointerGetAttribute",1,1,383,67943982919070,67943982919230
"HIP_RUNTIME_API_EXT","hipPointerGetAttribute",1,1,384,67943982919701,67943982919821
"HIP_RUNTIME_API_EXT","hipModuleLaunchKernel",1,1,385,67943982920572,67943982925759
"HIP_RUNTIME_API_EXT","hipGetDevice",1,1,386,67943982940940,67943982941040
"HIP_RUNTIME_API_EXT","hipGetDevice",1,1,387,67943982941971,67943982942061
"HIP_RUNTIME_API_EXT","hipGetDevice",1,1,388,67943982943023,67943982943113
"HIP_RUNTIME_API_EXT","hipGetDevice",1,1,389,67943982943914,67943982944014
"HIP_RUNTIME_API_EXT","hipGetDevice",1,1,390,67943982944385,67943982944465
"HIP_RUNTIME_API_EXT","hipGetDevice",1,1,391,67943982946407,67943982946507
"HIP_RUNTIME_API_EXT","hipGetDevice",1,1,392,67943982946898,67943982946988
"HIP_RUNTIME_API_EXT","hipGetDevice",1,1,393,67943982947389,67943982947479
"HIP_RUNTIME_API_EXT","hipGetDevice",1,1,394,67943982948270,67943982948360
"HIP_RUNTIME_API_EXT","hipGetDevice",1,1,395,67943982948771,67943982948861
"HIP_RUNTIME_API_EXT","hipGetDevice",1,1,396,67943982957643,67943982957743
"HIP_RUNTIME_API_EXT","hipPointerGetAttribute",1,1,397,67943982967676,67943982967847
"HIP_RUNTIME_API_EXT","hipPointerGetAttribute",1,1,398,67943982969659,67943982969789
"HIP_RUNTIME_API_EXT","hipPointerGetAttribute",1,1,399,67943982970390,67943982970510
"HIP_RUNTIME_API_EXT","hipModuleLaunchKernel",1,1,400,67943982971151,67943982978321
"HIP_RUNTIME_API_EXT","hipGetDevice",1,1,401,67943982981826,67943982981926
"HIP_RUNTIME_API_EXT","hipGetDevice",1,1,402,67943982982356,67943982982447
"HIP_RUNTIME_API_EXT","hipGetDevice",1,1,403,67943982982897,67943982982987
"HIP_RUNTIME_API_EXT","hipGetDevice",1,1,404,67943982983929,67943982984019
"HIP_RUNTIME_API_EXT","hipGetDevice",1,1,405,67943982984399,67943982984489
"HIP_RUNTIME_API_EXT","hipGetDevice",1,1,406,67943983017975,67943983018075
"HIP_RUNTIME_API_EXT","hipGetDevice",1,1,407,67943983018936,67943983019027
"HIP_RUNTIME_API_EXT","hipGetDevice",1,1,408,67943983019457,67943983019547
"HIP_RUNTIME_API_EXT","hipGetDevice",1,1,409,67943983020348,67943983020449
"HIP_RUNTIME_API_EXT","hipGetDevice",1,1,410,67943983020839,67943983020929
"HIP_RUNTIME_API_EXT","hipGetDevice",1,1,411,67943983027418,67943983027518
"HIP_RUNTIME_API_EXT","hipPointerGetAttribute",1,1,412,67943983044251,67943983044461
"HIP_RUNTIME_API_EXT","hipPointerGetAttribute",1,1,413,67943983044992,67943983045142
"HIP_RUNTIME_API_EXT","hipPointerGetAttribute",1,1,414,67943983045603,67943983045723
"HIP_RUNTIME_API_EXT","hipPointerGetAttribute",1,1,415,67943983046294,67943983046414
"HIP_RUNTIME_API_EXT","hipPointerGetAttribute",1,1,416,67943983046845,67943983046985
"HIP_RUNTIME_API_EXT","hipModuleLaunchKernel",1,1,417,67943983047616,67943983055086
"HIP_RUNTIME_API_EXT","hipGetDevice",1,1,418,67943983062887,67943983062987
"HIP_RUNTIME_API_EXT","hipPointerGetAttribute",1,1,419,67943983070918,67943983071068
"HIP_RUNTIME_API_EXT","hipPointerGetAttribute",1,1,420,67943983071558,67943983071669
"HIP_RUNTIME_API_EXT","hipModuleLaunchKernel",1,1,421,67943983073701,67943983079519
"HIP_RUNTIME_API_EXT","hipGetDevice",1,1,422,67943983093068,67943983093178
"HIP_RUNTIME_API_EXT","hipGetDevice",1,1,423,67943983094500,67943983094580
"HIP_RUNTIME_API_EXT","hipGetDevice",1,1,424,67943983094990,67943983095081
"HIP_RUNTIME_API_EXT","hipGetDevice",1,1,425,67943983096583,67943983096673
"HIP_RUNTIME_API_EXT","hipGetDevice",1,1,426,67943983097103,67943983097193
"HIP_RUNTIME_API_EXT","hipGetDevice",1,1,427,67943983099026,67943983099126
"HIP_RUNTIME_API_EXT","hipGetDevice",1,1,428,67943983099567,67943983099657
"HIP_RUNTIME_API_EXT","hipGetDevice",1,1,429,67943983100047,67943983100138
"HIP_RUNTIME_API_EXT","hipGetDevice",1,1,430,67943983100979,67943983101069
"HIP_RUNTIME_API_EXT","hipGetDevice",1,1,431,67943983101610,67943983101700
"HIP_RUNTIME_API_EXT","hipGetDevice",1,1,432,67943983110151,67943983110271
"HIP_RUNTIME_API_EXT","hipPointerGetAttribute",1,1,433,67943983120015,67943983120185
"HIP_RUNTIME_API_EXT","hipPointerGetAttribute",1,1,434,67943983120706,67943983120836
"HIP_RUNTIME_API_EXT","hipPointerGetAttribute",1,1,435,67943983121487,67943983121597
"HIP_RUNTIME_API_EXT","hipModuleLaunchKernel",1,1,436,67943983122208,67943983138069
"HIP_RUNTIME_API_EXT","hipGetDevice",1,1,437,67943983142425,67943983142525
"HIP_RUNTIME_API_EXT","hipGetDevice",1,1,438,67943983143126,67943983143206
"HIP_RUNTIME_API_EXT","hipGetDevice",1,1,439,67943983143807,67943983143897
"HIP_RUNTIME_API_EXT","hipGetDevice",1,1,440,67943983145439,67943983145530
"HIP_RUNTIME_API_EXT","hipGetDevice",1,1,441,67943983157246,67943983157336
"HIP_RUNTIME_API_EXT","hipGetDevice",1,1,442,67943983253738,67943983253848
"HIP_RUNTIME_API_EXT","hipGetDevice",1,1,443,67943983255700,67943983255790
"HIP_RUNTIME_API_EXT","hipGetDevice",1,1,444,67943983256161,67943983256251
"HIP_RUNTIME_API_EXT","hipGetDevice",1,1,445,67943983258384,67943983258474
"HIP_RUNTIME_API_EXT","hipGetDevice",1,1,446,67943983258834,67943983258925
"HIP_RUNTIME_API_EXT","hipGetDevice",1,1,447,67943983265594,67943983265694
"HIP_RUNTIME_API_EXT","hipPointerGetAttribute",1,1,448,67943983282847,67943983283038
"HIP_RUNTIME_API_EXT","hipPointerGetAttribute",1,1,449,67943983283618,67943983283769
"HIP_RUNTIME_API_EXT","hipPointerGetAttribute",1,1,450,67943983284219,67943983284339
"HIP_RUNTIME_API_EXT","hipPointerGetAttribute",1,1,451,67943983284900,67943983285020
"HIP_RUNTIME_API_EXT","hipPointerGetAttribute",1,1,452,67943983285461,67943983285601
"HIP_RUNTIME_API_EXT","hipModuleLaunchKernel",1,1,453,67943983286272,67943983293492
"HIP_RUNTIME_API_EXT","hipGetDevice",1,1,454,67943983300942,67943983301042
"HIP_RUNTIME_API_EXT","hipPointerGetAttribute",1,1,455,67943983309724,67943983309874
"HIP_RUNTIME_API_EXT","hipPointerGetAttribute",1,1,456,67943983310365,67943983310485
"HIP_RUNTIME_API_EXT","hipModuleLaunchKernel",1,1,457,67943983311036,67943983317895
"HIP_RUNTIME_API_EXT","hipGetDevice",1,1,458,67943983332235,67943983332335
"HIP_RUNTIME_API_EXT","hipGetDevice",1,1,459,67943983332956,67943983333046
"HIP_RUNTIME_API_EXT","hipGetDevice",1,1,460,67943983334208,67943983334288
"HIP_RUNTIME_API_EXT","hipGetDevice",1,1,461,67943983335079,67943983335169
"HIP_RUNTIME_API_EXT","hipGetDevice",1,1,462,67943983335539,67943983335629
"HIP_RUNTIME_API_EXT","hipGetDevice",1,1,463,67943983337372,67943983337462
"HIP_RUNTIME_API_EXT","hipGetDevice",1,1,464,67943983338533,67943983338624
"HIP_RUNTIME_API_EXT","hipGetDevice",1,1,465,67943983339014,67943983339104
"HIP_RUNTIME_API_EXT","hipGetDevice",1,1,466,67943983340076,67943983340166
"HIP_RUNTIME_API_EXT","hipGetDevice",1,1,467,67943983340696,67943983340787
"HIP_RUNTIME_API_EXT","hipGetDevice",1,1,468,67943983350950,67943983351051
"HIP_RUNTIME_API_EXT","hipPointerGetAttribute",1,1,469,67943983361335,67943983361505
"HIP_RUNTIME_API_EXT","hipPointerGetAttribute",1,1,470,67943983361996,67943983362116
"HIP_RUNTIME_API_EXT","hipPointerGetAttribute",1,1,471,67943983362837,67943983362957
"HIP_RUNTIME_API_EXT","hipModuleLaunchKernel",1,1,472,67943983363508,67943983370217
"HIP_RUNTIME_API_EXT","hipGetDevice",1,1,473,67943983373301,67943983373401
"HIP_RUNTIME_API_EXT","hipGetDevice",1,1,474,67943983374282,67943983374372
"HIP_RUNTIME_API_EXT","hipGetDevice",1,1,475,67943983375023,67943983375113
"HIP_RUNTIME_API_EXT","hipGetDevice",1,1,476,67943983376245,67943983376335
"HIP_RUNTIME_API_EXT","hipGetDevice",1,1,477,67943983376716,67943983376796
"HIP_RUNTIME_API_EXT","hipGetDevice",1,1,478,67943983407177,67943983407277
"HIP_RUNTIME_API_EXT","hipGetDevice",1,1,479,67943983407858,67943983407948
"HIP_RUNTIME_API_EXT","hipGetDevice",1,1,480,67943983408439,67943983408529
"HIP_RUNTIME_API_EXT","hipGetDevice",1,1,481,67943983409380,67943983409480
"HIP_RUNTIME_API_EXT","hipGetDevice",1,1,482,67943983409851,67943983409941
"HIP_RUNTIME_API_EXT","hipGetDevice",1,1,483,67943983416160,67943983416250
"HIP_RUNTIME_API_EXT","hipPointerGetAttribute",1,1,484,67943983432452,67943983432622
"HIP_RUNTIME_API_EXT","hipPointerGetAttribute",1,1,485,67943983433143,67943983433293
"HIP_RUNTIME_API_EXT","hipPointerGetAttribute",1,1,486,67943983433734,67943983433844
"HIP_RUNTIME_API_EXT","hipPointerGetAttribute",1,1,487,67943983434425,67943983434535
"HIP_RUNTIME_API_EXT","hipPointerGetAttribute",1,1,488,67943983435095,67943983435246
"HIP_RUNTIME_API_EXT","hipModuleLaunchKernel",1,1,489,67943983435836,67943983442546
"HIP_RUNTIME_API_EXT","hipGetDevice",1,1,490,67943983450106,67943983450206
"HIP_RUNTIME_API_EXT","hipPointerGetAttribute",1,1,491,67943983459599,67943983459749
"HIP_RUNTIME_API_EXT","hipPointerGetAttribute",1,1,492,67943983460290,67943983460400
"HIP_RUNTIME_API_EXT","hipModuleLaunchKernel",1,1,493,67943983461261,67943983467259
"HIP_RUNTIME_API_EXT","hipGetDevice",1,1,494,67943983481729,67943983481829
"HIP_RUNTIME_API_EXT","hipGetDevice",1,1,495,67943983483201,67943983483291
"HIP_RUNTIME_API_EXT","hipGetDevice",1,1,496,67943983484263,67943983484353
"HIP_RUNTIME_API_EXT","hipGetDevice",1,1,497,67943983485184,67943983485274
"HIP_RUNTIME_API_EXT","hipGetDevice",1,1,498,67943983485685,67943983485775
"HIP_RUNTIME_API_EXT","hipGetDevice",1,1,499,67943983487597,67943983487697
"HIP_RUNTIME_API_EXT","hipGetDevice",1,1,500,67943983488088,67943983488178
"HIP_RUNTIME_API_EXT","hipGetDevice",1,1,501,67943983488559,67943983488649
"HIP_RUNTIME_API_EXT","hipGetDevice",1,1,502,67943983489830,67943983489930
"HIP_RUNTIME_API_EXT","hipGetDevice",1,1,503,67943983490461,67943983490551
"HIP_RUNTIME_API_EXT","hipGetDevice",1,1,504,67943983499273,67943983499373
"HIP_RUNTIME_API_EXT","hipPointerGetAttribute",1,1,505,67943983509037,67943983509207
"HIP_RUNTIME_API_EXT","hipPointerGetAttribute",1,1,506,67943983509717,67943983509848
"HIP_RUNTIME_API_EXT","hipPointerGetAttribute",1,1,507,67943983510428,67943983510539
"HIP_RUNTIME_API_EXT","hipModuleLaunchKernel",1,1,508,67943983511159,67943983517428
"HIP_RUNTIME_API_EXT","hipGetDevice",1,1,509,67943983520392,67943983520482
"HIP_RUNTIME_API_EXT","hipGetDevice",1,1,510,67943983521333,67943983521423
"HIP_RUNTIME_API_EXT","hipGetDevice",1,1,511,67943983521834,67943983521924
"HIP_RUNTIME_API_EXT","hipGetDevice",1,1,512,67943983522745,67943983522845
"HIP_RUNTIME_API_EXT","hipGetDevice",1,1,513,67943983523536,67943983523616
"HIP_RUNTIME_API_EXT","hipGetDevice",1,1,514,67943983555911,67943983556011
"HIP_RUNTIME_API_EXT","hipGetDevice",1,1,515,67943983556612,67943983556702
"HIP_RUNTIME_API_EXT","hipGetDevice",1,1,516,67943983557112,67943983557202
"HIP_RUNTIME_API_EXT","hipGetDevice",1,1,517,67943983558114,67943983558214
"HIP_RUNTIME_API_EXT","hipGetDevice",1,1,518,67943983558584,67943983558674
"HIP_RUNTIME_API_EXT","hipGetDevice",1,1,519,67943983565073,67943983565173
"HIP_RUNTIME_API_EXT","hipPointerGetAttribute",1,1,520,67943983581646,67943983581826
"HIP_RUNTIME_API_EXT","hipPointerGetAttribute",1,1,521,67943983582307,67943983582457
"HIP_RUNTIME_API_EXT","hipPointerGetAttribute",1,1,522,67943983582918,67943983583038
"HIP_RUNTIME_API_EXT","hipPointerGetAttribute",1,1,523,67943983583629,67943983583739
"HIP_RUNTIME_API_EXT","hipPointerGetAttribute",1,1,524,67943983584199,67943983584350
"HIP_RUNTIME_API_EXT","hipModuleLaunchKernel",1,1,525,67943983585191,67943983592150
"HIP_RUNTIME_API_EXT","hipGetDevice",1,1,526,67943983599500,67943983599590
"HIP_RUNTIME_API_EXT","hipPointerGetAttribute",1,1,527,67943983607992,67943983608132
"HIP_RUNTIME_API_EXT","hipPointerGetAttribute",1,1,528,67943983608613,67943983608733
"HIP_RUNTIME_API_EXT","hipModuleLaunchKernel",1,1,529,67943983609344,67943983614571
"HIP_RUNTIME_API_EXT","hipGetDevice",1,1,530,67943983657910,67943983658010
"HIP_RUNTIME_API_EXT","hipGetDevice",1,1,531,67943983663107,67943983663197
"HIP_RUNTIME_API_EXT","hipDeviceSynchronize",1,1,532,67943983848431,67943983878271
"HIP_RUNTIME_API_EXT","hipGetDevice",1,1,533,67943983882187,67943983882307
"HIP_RUNTIME_API_EXT","hipGetDevice",1,1,534,67943983913940,67943983914040
"HIP_RUNTIME_API_EXT","hipGetDevice",1,1,535,67943983931554,67943983931654
"HIP_RUNTIME_API_EXT","hipGetDevice",1,1,536,67943983935840,67943983935940
"HIP_RUNTIME_API_EXT","hipEventCreateWithFlags",1,1,537,67943983937012,67943983939675
"HIP_RUNTIME_API_EXT","hipGetDevice",1,1,538,67943983942139,67943983942229
"HIP_RUNTIME_API_EXT","hipGetDevice",1,1,539,67943983944091,67943983944181
"HIP_RUNTIME_API_EXT","hipGetDevice",1,1,540,67943983944612,67943983944702
"HIP_RUNTIME_API_EXT","hipStreamIsCapturing",1,1,541,67943983947746,67943983950039
"HIP_RUNTIME_API_EXT","hipEventRecordWithFlags",1,1,542,67943983959733,67943983973051
"HIP_RUNTIME_API_EXT","hipGetDevice",1,1,543,67943983973692,67943983973792
"HIP_RUNTIME_API_EXT","hipGetDevice",1,1,544,67943983992457,67943983992558
"HIP_RUNTIME_API_EXT","hipGetDevice",1,1,545,67943983993088,67943983993178
"HIP_RUNTIME_API_EXT","hipGetDevice",1,1,546,67943983995572,67943983995662
"HIP_RUNTIME_API_EXT","hipGetDevice",1,1,547,67943983997705,67943983997795
"HIP_RUNTIME_API_EXT","hipGetDevice",1,1,548,67943983998466,67943983998556
"HIP_RUNTIME_API_EXT","hipGetDevice",1,1,549,67943984005435,67943984005535
"HIP_RUNTIME_API_EXT","hipGetDevice",1,1,550,67943984006286,67943984006376
"HIP_RUNTIME_API_EXT","hipGetDevice",1,1,551,67943984006747,67943984006837
"HIP_RUNTIME_API_EXT","hipGetDevice",1,1,552,67943984007718,67943984007808
"HIP_RUNTIME_API_EXT","hipGetDevice",1,1,553,67943984008169,67943984008259
"HIP_RUNTIME_API_EXT","hipGetDevice",1,1,554,67943984023760,67943984023860
"HIP_RUNTIME_API_EXT","hipPointerGetAttribute",1,1,555,67943984042796,67943984043307
"HIP_RUNTIME_API_EXT","hipPointerGetAttribute",1,1,556,67943984044098,67943984044228
"HIP_RUNTIME_API_EXT","hipPointerGetAttribute",1,1,557,67943984044699,67943984044819
"HIP_RUNTIME_API_EXT","hipModuleLaunchKernel",1,1,558,67943984045670,67943984056936
"HIP_RUNTIME_API_EXT","hipGetDevice",1,1,559,67943984061792,67943984061882
"HIP_RUNTIME_API_EXT","hipGetDevice",1,1,560,67943984062313,67943984062403
"HIP_RUNTIME_API_EXT","hipGetDevice",1,1,561,67943984064456,67943984064546
"HIP_RUNTIME_API_EXT","hipGetDevice",1,1,562,67943984067390,67943984067480
"HIP_RUNTIME_API_EXT","hipGetDevice",1,1,563,67943984068111,67943984068201
"HIP_RUNTIME_API_EXT","hipGetDevice",1,1,564,67943984108817,67943984108927
"HIP_RUNTIME_API_EXT","hipGetDevice",1,1,565,67943984109598,67943984109688
"HIP_RUNTIME_API_EXT","hipGetDevice",1,1,566,67943984110098,67943984110188
"HIP_RUNTIME_API_EXT","hipGetDevice",1,1,567,67943984112171,67943984112261
"HIP_RUNTIME_API_EXT","hipGetDevice",1,1,568,67943984112652,67943984112742
"HIP_RUNTIME_API_EXT","hipGetDevice",1,1,569,67943984122335,67943984122435
"HIP_RUNTIME_API_EXT","hipPointerGetAttribute",1,1,570,67943984142252,67943984142653
"HIP_RUNTIME_API_EXT","hipPointerGetAttribute",1,1,571,67943984143374,67943984143604
"HIP_RUNTIME_API_EXT","hipPointerGetAttribute",1,1,572,67943984144085,67943984144205
"HIP_RUNTIME_API_EXT","hipPointerGetAttribute",1,1,573,67943984144646,67943984144756
"HIP_RUNTIME_API_EXT","hipPointerGetAttribute",1,1,574,67943984145236,67943984145627
"HIP_RUNTIME_API_EXT","hipModuleLaunchKernel",1,1,575,67943984146478,67943984155150
"HIP_RUNTIME_API_EXT","hipGetDevice",1,1,576,67943984164783,67943984164883
"HIP_RUNTIME_API_EXT","hipPointerGetAttribute",1,1,577,67943984174076,67943984174436
"HIP_RUNTIME_API_EXT","hipPointerGetAttribute",1,1,578,67943984174937,67943984175277
"HIP_RUNTIME_API_EXT","hipModuleLaunchKernel",1,1,579,67943984176049,67943984183409
"HIP_RUNTIME_API_EXT","hipGetDevice",1,1,580,67943984202214,67943984202525
"HIP_RUNTIME_API_EXT","hipGetDevice",1,1,581,67943984203005,67943984203095
"HIP_RUNTIME_API_EXT","hipGetDevice",1,1,582,67943984203816,67943984203907
"HIP_RUNTIME_API_EXT","hipGetDevice",1,1,583,67943984204758,67943984204858
"HIP_RUNTIME_API_EXT","hipGetDevice",1,1,584,67943984206871,67943984206961
"HIP_RUNTIME_API_EXT","hipGetDevice",1,1,585,67943984208883,67943984208984
"HIP_RUNTIME_API_EXT","hipGetDevice",1,1,586,67943984209514,67943984209604
"HIP_RUNTIME_API_EXT","hipGetDevice",1,1,587,67943984210115,67943984210205
"HIP_RUNTIME_API_EXT","hipGetDevice",1,1,588,67943984211417,67943984211507
"HIP_RUNTIME_API_EXT","hipGetDevice",1,1,589,67943984211877,67943984211968
"HIP_RUNTIME_API_EXT","hipGetDevice",1,1,590,67943984221901,67943984221991
"HIP_RUNTIME_API_EXT","hipPointerGetAttribute",1,1,591,67943984233858,67943984234038
"HIP_RUNTIME_API_EXT","hipPointerGetAttribute",1,1,592,67943984234518,67943984234649
"HIP_RUNTIME_API_EXT","hipPointerGetAttribute",1,1,593,67943984235109,67943984235229
"HIP_RUNTIME_API_EXT","hipModuleLaunchKernel",1,1,594,67943984236161,67943984243641
"HIP_RUNTIME_API_EXT","hipGetDevice",1,1,595,67943984247126,67943984247226
"HIP_RUNTIME_API_EXT","hipGetDevice",1,1,596,67943984247646,67943984247727
"HIP_RUNTIME_API_EXT","hipGetDevice",1,1,597,67943984248167,67943984248257
"HIP_RUNTIME_API_EXT","hipGetDevice",1,1,598,67943984249689,67943984249789
"HIP_RUNTIME_API_EXT","hipGetDevice",1,1,599,67943984250320,67943984250410
"HIP_RUNTIME_API_EXT","hipGetDevice",1,1,600,67943984282184,67943984282284
"HIP_RUNTIME_API_EXT","hipGetDevice",1,1,601,67943984282704,67943984282794
"HIP_RUNTIME_API_EXT","hipGetDevice",1,1,602,67943984283195,67943984283285
"HIP_RUNTIME_API_EXT","hipGetDevice",1,1,603,67943984284236,67943984284327
"HIP_RUNTIME_API_EXT","hipGetDevice",1,1,604,67943984284707,67943984284787
"HIP_RUNTIME_API_EXT","hipGetDevice",1,1,605,67943984291576,67943984291677
"HIP_RUNTIME_API_EXT","hipPointerGetAttribute",1,1,606,67943984308760,67943984308930
"HIP_RUNTIME_API_EXT","hipPointerGetAttribute",1,1,607,67943984309892,67943984310042
"HIP_RUNTIME_API_EXT","hipPointerGetAttribute",1,1,608,67943984312014,67943984312155
"HIP_RUNTIME_API_EXT","hipPointerGetAttribute",1,1,609,67943984312806,67943984312926
"HIP_RUNTIME_API_EXT","hipPointerGetAttribute",1,1,610,67943984313346,67943984313496
"HIP_RUNTIME_API_EXT","hipModuleLaunchKernel",1,1,611,67943984314237,67943984321868
"HIP_RUNTIME_API_EXT","hipGetDevice",1,1,612,67943984329629,67943984329729
"HIP_RUNTIME_API_EXT","hipPointerGetAttribute",1,1,613,67943984338421,67943984338581
"HIP_RUNTIME_API_EXT","hipPointerGetAttribute",1,1,614,67943984339051,67943984339172
"HIP_RUNTIME_API_EXT","hipModuleLaunchKernel",1,1,615,67943984339862,67943984345891
"HIP_RUNTIME_API_EXT","hipGetDevice",1,1,616,67943984362594,67943984362694
"HIP_RUNTIME_API_EXT","hipGetDevice",1,1,617,67943984363435,67943984363525
"HIP_RUNTIME_API_EXT","hipGetDevice",1,1,618,67943984364246,67943984364336
"HIP_RUNTIME_API_EXT","hipGetDevice",1,1,619,67943984365157,67943984365247
"HIP_RUNTIME_API_EXT","hipGetDevice",1,1,620,67943984365618,67943984365708
"HIP_RUNTIME_API_EXT","hipGetDevice",1,1,621,67943984367550,67943984367650
"HIP_RUNTIME_API_EXT","hipGetDevice",1,1,622,67943984368041,67943984368121
"HIP_RUNTIME_API_EXT","hipGetDevice",1,1,623,67943984368642,67943984368732
"HIP_RUNTIME_API_EXT","hipGetDevice",1,1,624,67943984369954,67943984370054
"HIP_RUNTIME_API_EXT","hipGetDevice",1,1,625,67943984370414,67943984370504
"HIP_RUNTIME_API_EXT","hipGetDevice",1,1,626,67943984379597,67943984379697
"HIP_RUNTIME_API_EXT","hipPointerGetAttribute",1,1,627,67943984389741,67943984389901
"HIP_RUNTIME_API_EXT","hipPointerGetAttribute",1,1,628,67943984390412,67943984390542
"HIP_RUNTIME_API_EXT","hipPointerGetAttribute",1,1,629,67943984391002,67943984391123
"HIP_RUNTIME_API_EXT","hipModuleLaunchKernel",1,1,630,67943984391884,67943984398893
"HIP_RUNTIME_API_EXT","hipGetDevice",1,1,631,67943984403259,67943984403359
"HIP_RUNTIME_API_EXT","hipGetDevice",1,1,632,67943984403790,67943984403880
"HIP_RUNTIME_API_EXT","hipGetDevice",1,1,633,67943984404301,67943984404391
"HIP_RUNTIME_API_EXT","hipGetDevice",1,1,634,67943984405562,67943984405662
"HIP_RUNTIME_API_EXT","hipGetDevice",1,1,635,67943984406033,67943984406123
"HIP_RUNTIME_API_EXT","hipGetDevice",1,1,636,67943984435153,67943984435253
"HIP_RUNTIME_API_EXT","hipGetDevice",1,1,637,67943984435674,67943984435764
"HIP_RUNTIME_API_EXT","hipGetDevice",1,1,638,67943984436364,67943984436455
"HIP_RUNTIME_API_EXT","hipGetDevice",1,1,639,67943984437436,67943984437526
"HIP_RUNTIME_API_EXT","hipGetDevice",1,1,640,67943984437917,67943984438007
"HIP_RUNTIME_API_EXT","hipGetDevice",1,1,641,67943984444175,67943984444275
"HIP_RUNTIME_API_EXT","hipPointerGetAttribute",1,1,642,67943984460698,67943984460888
"HIP_RUNTIME_API_EXT","hipPointerGetAttribute",1,1,643,67943984461379,67943984461529
"HIP_RUNTIME_API_EXT","hipPointerGetAttribute",1,1,644,67943984461979,67943984462100
"HIP_RUNTIME_API_EXT","hipPointerGetAttribute",1,1,645,67943984462530,67943984462640
"HIP_RUNTIME_API_EXT","hipPointerGetAttribute",1,1,646,67943984463051,67943984463191
"HIP_RUNTIME_API_EXT","hipModuleLaunchKernel",1,1,647,67943984464283,67943984471783
"HIP_RUNTIME_API_EXT","hipGetDevice",1,1,648,67943984479533,67943984479624
"HIP_RUNTIME_API_EXT","hipPointerGetAttribute",1,1,649,67943984487504,67943984487655
"HIP_RUNTIME_API_EXT","hipPointerGetAttribute",1,1,650,67943984488105,67943984488215
"HIP_RUNTIME_API_EXT","hipModuleLaunchKernel",1,1,651,67943984488766,67943984495966
"HIP_RUNTIME_API_EXT","hipGetDevice",1,1,652,67943984512999,67943984513099
"HIP_RUNTIME_API_EXT","hipGetDevice",1,1,653,67943984513570,67943984513660
"HIP_RUNTIME_API_EXT","hipGetDevice",1,1,654,67943984516154,67943984516244
"HIP_RUNTIME_API_EXT","hipGetDevice",1,1,655,67943984517235,67943984517335
"HIP_RUNTIME_API_EXT","hipGetDevice",1,1,656,67943984517706,67943984517786
"HIP_RUNTIME_API_EXT","hipGetDevice",1,1,657,67943984519618,67943984519718
"HIP_RUNTIME_API_EXT","hipGetDevice",1,1,658,67943984520379,67943984520459
"HIP_RUNTIME_API_EXT","hipGetDevice",1,1,659,67943984520830,67943984520920
"HIP_RUNTIME_API_EXT","hipGetDevice",1,1,660,67943984521881,67943984521972
"HIP_RUNTIME_API_EXT","hipGetDevice",1,1,661,67943984522332,67943984522422
"HIP_RUNTIME_API_EXT","hipGetDevice",1,1,662,67943984531244,67943984531344
"HIP_RUNTIME_API_EXT","hipPointerGetAttribute",1,1,663,67943984542309,67943984542470
"HIP_RUNTIME_API_EXT","hipPointerGetAttribute",1,1,664,67943984542930,67943984543050
"HIP_RUNTIME_API_EXT","hipPointerGetAttribute",1,1,665,67943984543481,67943984543591
"HIP_RUNTIME_API_EXT","hipModuleLaunchKernel",1,1,666,67943984544312,67943984551522
"HIP_RUNTIME_API_EXT","hipGetDevice",1,1,667,67943984555097,67943984555197
"HIP_RUNTIME_API_EXT","hipGetDevice",1,1,668,67943984555638,67943984555728
"HIP_RUNTIME_API_EXT","hipGetDevice",1,1,669,67943984556148,67943984556238
"HIP_RUNTIME_API_EXT","hipGetDevice",1,1,670,67943984557450,67943984557540
"HIP_RUNTIME_API_EXT","hipGetDevice",1,1,671,67943984558081,67943984558171
"HIP_RUNTIME_API_EXT","hipGetDevice",1,1,672,67943984586990,67943984587091
"HIP_RUNTIME_API_EXT","hipGetDevice",1,1,673,67943984587761,67943984587842
"HIP_RUNTIME_API_EXT","hipGetDevice",1,1,674,67943984588242,67943984588332
"HIP_RUNTIME_API_EXT","hipGetDevice",1,1,675,67943984589203,67943984589304
"HIP_RUNTIME_API_EXT","hipGetDevice",1,1,676,67943984589664,67943984589754
"HIP_RUNTIME_API_EXT","hipGetDevice",1,1,677,67943984598486,67943984598586
"HIP_RUNTIME_API_EXT","hipPointerGetAttribute",1,1,678,67943984615339,67943984615519
"HIP_RUNTIME_API_EXT","hipPointerGetAttribute",1,1,679,67943984616180,67943984616361
"HIP_RUNTIME_API_EXT","hipPointerGetAttribute",1,1,680,67943984616781,67943984616901
"HIP_RUNTIME_API_EXT","hipPointerGetAttribute",1,1,681,67943984617352,67943984617462
"HIP_RUNTIME_API_EXT","hipPointerGetAttribute",1,1,682,67943984617893,67943984618033
"HIP_RUNTIME_API_EXT","hipModuleLaunchKernel",1,1,683,67943984618724,67943984626474
"HIP_RUNTIME_API_EXT","hipGetDevice",1,1,684,67943984633824,67943984633925
"HIP_RUNTIME_API_EXT","hipPointerGetAttribute",1,1,685,67943984642066,67943984642206
"HIP_RUNTIME_API_EXT","hipPointerGetAttribute",1,1,686,67943984642667,67943984642787
"HIP_RUNTIME_API_EXT","hipModuleLaunchKernel",1,1,687,67943984643347,67943984649266
"HIP_RUNTIME_API_EXT","hipGetDevice",1,1,688,67943984663435,67943984663535
"HIP_RUNTIME_API_EXT","hipGetDevice",1,1,689,67943984664226,67943984664316
"HIP_RUNTIME_API_EXT","hipGetDevice",1,1,690,67943984665478,67943984665578
"HIP_RUNTIME_API_EXT","hipGetDevice",1,1,691,67943984666820,67943984666920
"HIP_RUNTIME_API_EXT","hipGetDevice",1,1,692,67943984667290,67943984667370
"HIP_RUNTIME_API_EXT","hipGetDevice",1,1,693,67943984669153,67943984669253
"HIP_RUNTIME_API_EXT","hipGetDevice",1,1,694,67943984669643,67943984669734
"HIP_RUNTIME_API_EXT","hipGetDevice",1,1,695,67943984670144,67943984670234
"HIP_RUNTIME_API_EXT","hipGetDevice",1,1,696,67943984670985,67943984671075
"HIP_RUNTIME_API_EXT","hipGetDevice",1,1,697,67943984671496,67943984671586
"HIP_RUNTIME_API_EXT","hipGetDevice",1,1,698,67943984680198,67943984680298
"HIP_RUNTIME_API_EXT","hipPointerGetAttribute",1,1,699,67943984690342,67943984690502
"HIP_RUNTIME_API_EXT","hipPointerGetAttribute",1,1,700,67943984690983,67943984691113
"HIP_RUNTIME_API_EXT","hipPointerGetAttribute",1,1,701,67943984696821,67943984696971
"HIP_RUNTIME_API_EXT","hipModuleLaunchKernel",1,1,702,67943984697792,67943984705693
"HIP_RUNTIME_API_EXT","hipGetDevice",1,1,703,67943984723006,67943984723117
"HIP_RUNTIME_API_EXT","hipGetDevice",1,1,704,67943984724278,67943984724368
"HIP_RUNTIME_API_EXT","hipGetDevice",1,1,705,67943984724949,67943984725029
"HIP_RUNTIME_API_EXT","hipGetDevice",1,1,706,67943984727022,67943984727122
"HIP_RUNTIME_API_EXT","hipGetDevice",1,1,707,67943984728914,67943984728995
"HIP_RUNTIME_API_EXT","hipGetDevice",1,1,708,67943984838935,67943984839035
"HIP_RUNTIME_API_EXT","hipGetDevice",1,1,709,67943984840197,67943984840287
"HIP_RUNTIME_API_EXT","hipGetDevice",1,1,710,67943984840888,67943984840978
"HIP_RUNTIME_API_EXT","hipGetDevice",1,1,711,67943984842089,67943984842179
"HIP_RUNTIME_API_EXT","hipGetDevice",1,1,712,67943984842730,67943984842820
"HIP_RUNTIME_API_EXT","hipGetDevice",1,1,713,67943984849529,67943984849630
"HIP_RUNTIME_API_EXT","hipPointerGetAttribute",1,1,714,67943984867274,67943984867474
"HIP_RUNTIME_API_EXT","hipPointerGetAttribute",1,1,715,67943984868165,67943984868305
"HIP_RUNTIME_API_EXT","hipPointerGetAttribute",1,1,716,67943984868926,67943984869036
"HIP_RUNTIME_API_EXT","hipPointerGetAttribute",1,1,717,67943984869627,67943984869737
"HIP_RUNTIME_API_EXT","hipPointerGetAttribute",1,1,718,67943984870328,67943984870468
"HIP_RUNTIME_API_EXT","hipModuleLaunchKernel",1,1,719,67943984871309,67943984879100
"HIP_RUNTIME_API_EXT","hipGetDevice",1,1,720,67943984887271,67943984887371
"HIP_RUNTIME_API_EXT","hipPointerGetAttribute",1,1,721,67943984896624,67943984896764
"HIP_RUNTIME_API_EXT","hipPointerGetAttribute",1,1,722,67943984897425,67943984897535
"HIP_RUNTIME_API_EXT","hipModuleLaunchKernel",1,1,723,67943984898266,67943984904525
"HIP_RUNTIME_API_EXT","hipGetDevice",1,1,724,67943984922169,67943984922259
"HIP_RUNTIME_API_EXT","hipGetDevice",1,1,725,67943984922930,67943984923020
"HIP_RUNTIME_API_EXT","hipGetDevice",1,1,726,67943984923891,67943984923981
"HIP_RUNTIME_API_EXT","hipGetDevice",1,1,727,67943984924943,67943984925043
"HIP_RUNTIME_API_EXT","hipGetDevice",1,1,728,67943984925623,67943984925714
"HIP_RUNTIME_API_EXT","hipGetDevice",1,1,729,67943984927706,67943984927806
"HIP_RUNTIME_API_EXT","hipGetDevice",1,1,730,67943984928377,67943984928467
"HIP_RUNTIME_API_EXT","hipGetDevice",1,1,731,67943984929008,67943984929098
"HIP_RUNTIME_API_EXT","hipGetDevice",1,1,732,67943984930240,67943984930340
"HIP_RUNTIME_API_EXT","hipGetDevice",1,1,733,67943984930911,67943984931001
"HIP_RUNTIME_API_EXT","hipGetDevice",1,1,734,67943984939763,67943984939863
"HIP_RUNTIME_API_EXT","hipPointerGetAttribute",1,1,735,67943984949847,67943984950007
"HIP_RUNTIME_API_EXT","hipPointerGetAttribute",1,1,736,67943984950718,67943984950838
"HIP_RUNTIME_API_EXT","hipPointerGetAttribute",1,1,737,67943984951449,67943984951569
"HIP_RUNTIME_API_EXT","hipModuleLaunchKernel",1,1,738,67943984952430,67943984959350
"HIP_RUNTIME_API_EXT","hipGetDevice",1,1,739,67943984962874,67943984962975
"HIP_RUNTIME_API_EXT","hipGetDevice",1,1,740,67943984963555,67943984963645
"HIP_RUNTIME_API_EXT","hipGetDevice",1,1,741,67943984964246,67943984964336
"HIP_RUNTIME_API_EXT","hipGetDevice",1,1,742,67943984965818,67943984965919
"HIP_RUNTIME_API_EXT","hipGetDevice",1,1,743,67943984966459,67943984966549
"HIP_RUNTIME_API_EXT","hipGetDevice",1,1,744,67943984994898,67943984994998
"HIP_RUNTIME_API_EXT","hipGetDevice",1,1,745,67943984995599,67943984995699
"HIP_RUNTIME_API_EXT","hipGetDevice",1,1,746,67943984996300,67943984996390
"HIP_RUNTIME_API_EXT","hipGetDevice",1,1,747,67943984997382,67943984997482
"HIP_RUNTIME_API_EXT","hipGetDevice",1,1,748,67943984998073,67943984998153
"HIP_RUNTIME_API_EXT","hipGetDevice",1,1,749,67943985025150,67943985025250
"HIP_RUNTIME_API_EXT","hipPointerGetAttribute",1,1,750,67943985042353,67943985042533
"HIP_RUNTIME_API_EXT","hipPointerGetAttribute",1,1,751,67943985043234,67943985043445
"HIP_RUNTIME_API_EXT","hipPointerGetAttribute",1,1,752,67943985044336,67943985044446
"HIP_RUNTIME_API_EXT","hipPointerGetAttribute",1,1,753,67943985045277,67943985045397
"HIP_RUNTIME_API_EXT","hipPointerGetAttribute",1,1,754,67943985045998,67943985046148
"HIP_RUNTIME_API_EXT","hipModuleLaunchKernel",1,1,755,67943985047090,67943985062040
"HIP_RUNTIME_API_EXT","hipGetDevice",1,1,756,67943985070482,67943985070582
"HIP_RUNTIME_API_EXT","hipPointerGetAttribute",1,1,757,67943985079564,67943985079704
"HIP_RUNTIME_API_EXT","hipPointerGetAttribute",1,1,758,67943985080365,67943985080485
"HIP_RUNTIME_API_EXT","hipModuleLaunchKernel",1,1,759,67943985081236,67943985087435
"HIP_RUNTIME_API_EXT","hipGetDevice",1,1,760,67943985104198,67943985104308
"HIP_RUNTIME_API_EXT","hipGetDevice",1,1,761,67943985104999,67943985105089
"HIP_RUNTIME_API_EXT","hipGetDevice",1,1,762,67943985105960,67943985106050
"HIP_RUNTIME_API_EXT","hipGetDevice",1,1,763,67943985107112,67943985107202
"HIP_RUNTIME_API_EXT","hipGetDevice",1,1,764,67943985107793,67943985107883
"HIP_RUNTIME_API_EXT","hipGetDevice",1,1,765,67943985109795,67943985109895
"HIP_RUNTIME_API_EXT","hipGetDevice",1,1,766,67943985110476,67943985110556
"HIP_RUNTIME_API_EXT","hipGetDevice",1,1,767,67943985111117,67943985111207
"HIP_RUNTIME_API_EXT","hipGetDevice",1,1,768,67943985112569,67943985112659
"HIP_RUNTIME_API_EXT","hipGetDevice",1,1,769,67943985113280,67943985113360
"HIP_RUNTIME_API_EXT","hipGetDevice",1,1,770,67943985122032,67943985122132
"HIP_RUNTIME_API_EXT","hipPointerGetAttribute",1,1,771,67943985132627,67943985132797
"HIP_RUNTIME_API_EXT","hipPointerGetAttribute",1,1,772,67943985133468,67943985133588
"HIP_RUNTIME_API_EXT","hipPointerGetAttribute",1,1,773,67943985134229,67943985134349
"HIP_RUNTIME_API_EXT","hipModuleLaunchKernel",1,1,774,67943985135330,67943985142901
"HIP_RUNTIME_API_EXT","hipGetDevice",1,1,775,67943985146606,67943985146706
"HIP_RUNTIME_API_EXT","hipGetDevice",1,1,776,67943985147327,67943985147417
"HIP_RUNTIME_API_EXT","hipGetDevice",1,1,777,67943985148028,67943985148118
"HIP_RUNTIME_API_EXT","hipGetDevice",1,1,778,67943985149429,67943985149530
"HIP_RUNTIME_API_EXT","hipGetDevice",1,1,779,67943985150080,67943985150160
"HIP_RUNTIME_API_EXT","hipGetDevice",1,1,780,67943985179601,67943985179701
"HIP_RUNTIME_API_EXT","hipGetDevice",1,1,781,67943985180372,67943985180472
"HIP_RUNTIME_API_EXT","hipGetDevice",1,1,782,67943985181173,67943985181253
"HIP_RUNTIME_API_EXT","hipGetDevice",1,1,783,67943985182375,67943985182475
"HIP_RUNTIME_API_EXT","hipGetDevice",1,1,784,67943985183035,67943985183116
"HIP_RUNTIME_API_EXT","hipGetDevice",1,1,785,67943985189084,67943985189174
"HIP_RUNTIME_API_EXT","hipPointerGetAttribute",1,1,786,67943985206287,67943985206467
"HIP_RUNTIME_API_EXT","hipPointerGetAttribute",1,1,787,67943985207148,67943985207289
"HIP_RUNTIME_API_EXT","hipPointerGetAttribute",1,1,788,67943985207919,67943985208030
"HIP_RUNTIME_API_EXT","hipPointerGetAttribute",1,1,789,67943985208640,67943985208751
"HIP_RUNTIME_API_EXT","hipPointerGetAttribute",1,1,790,67943985209361,67943985209492
"HIP_RUNTIME_API_EXT","hipModuleLaunchKernel",1,1,791,67943985210383,67943985217402
"HIP_RUNTIME_API_EXT","hipGetDevice",1,1,792,67943985225213,67943985225313
"HIP_RUNTIME_API_EXT","hipPointerGetAttribute",1,1,793,67943985233264,67943985233414
"HIP_RUNTIME_API_EXT","hipPointerGetAttribute",1,1,794,67943985234075,67943985234185
"HIP_RUNTIME_API_EXT","hipModuleLaunchKernel",1,1,795,67943985234916,67943985241025
"HIP_RUNTIME_API_EXT","hipGetDevice",1,1,796,67943985258759,67943985258859
"HIP_RUNTIME_API_EXT","hipGetDevice",1,1,797,67943985259560,67943985259660
"HIP_RUNTIME_API_EXT","hipGetDevice",1,1,798,67943985260742,67943985260832
"HIP_RUNTIME_API_EXT","hipGetDevice",1,1,799,67943985261803,67943985261893
"HIP_RUNTIME_API_EXT","hipGetDevice",1,1,800,67943985262454,67943985262544
"HIP_RUNTIME_API_EXT","hipGetDevice",1,1,801,67943985264487,67943985264587
"HIP_RUNTIME_API_EXT","hipGetDevice",1,1,802,67943985265158,67943985265248
"HIP_RUNTIME_API_EXT","hipGetDevice",1,1,803,67943985265789,67943985265879
"HIP_RUNTIME_API_EXT","hipGetDevice",1,1,804,67943985267000,67943985267100
"HIP_RUNTIME_API_EXT","hipGetDevice",1,1,805,67943985267651,67943985267741
"HIP_RUNTIME_API_EXT","hipGetDevice",1,1,806,67943985276193,67943985276293
"HIP_RUNTIME_API_EXT","hipPointerGetAttribute",1,1,807,67943985286337,67943985286507
"HIP_RUNTIME_API_EXT","hipPointerGetAttribute",1,1,808,67943985287178,67943985287298
"HIP_RUNTIME_API_EXT","hipPointerGetAttribute",1,1,809,67943985287949,67943985288069
"HIP_RUNTIME_API_EXT","hipModuleLaunchKernel",1,1,810,67943985288940,67943985295459
"HIP_RUNTIME_API_EXT","hipGetDevice",1,1,811,67943985299214,67943985299314
"HIP_RUNTIME_API_EXT","hipGetDevice",1,1,812,67943985299945,67943985300035
"HIP_RUNTIME_API_EXT","hipGetDevice",1,1,813,67943985300616,67943985300696
"HIP_RUNTIME_API_EXT","hipGetDevice",1,1,814,67943985302208,67943985302299
"HIP_RUNTIME_API_EXT","hipGetDevice",1,1,815,67943985302859,67943985302949
"HIP_RUNTIME_API_EXT","hipGetDevice",1,1,816,67943985332470,67943985332570
"HIP_RUNTIME_API_EXT","hipGetDevice",1,1,817,67943985333171,67943985333261
"HIP_RUNTIME_API_EXT","hipGetDevice",1,1,818,67943985333872,67943985333962
"HIP_RUNTIME_API_EXT","hipGetDevice",1,1,819,67943985335053,67943985335143
"HIP_RUNTIME_API_EXT","hipGetDevice",1,1,820,67943985335714,67943985335804
"HIP_RUNTIME_API_EXT","hipGetDevice",1,1,821,67943985342163,67943985342263
"HIP_RUNTIME_API_EXT","hipPointerGetAttribute",1,1,822,67943985358826,67943985358996
"HIP_RUNTIME_API_EXT","hipPointerGetAttribute",1,1,823,67943985359677,67943985359827
"HIP_RUNTIME_API_EXT","hipPointerGetAttribute",1,1,824,67943985360448,67943985360558
"HIP_RUNTIME_API_EXT","hipPointerGetAttribute",1,1,825,67943985361169,67943985361279
"HIP_RUNTIME_API_EXT","hipPointerGetAttribute",1,1,826,67943985361920,67943985362050
"HIP_RUNTIME_API_EXT","hipModuleLaunchKernel",1,1,827,67943985362931,67943985370041
"HIP_RUNTIME_API_EXT","hipGetDevice",1,1,828,67943985377782,67943985377882
"HIP_RUNTIME_API_EXT","hipPointerGetAttribute",1,1,829,67943985385973,67943985386123
"HIP_RUNTIME_API_EXT","hipPointerGetAttribute",1,1,830,67943985386814,67943985386924
"HIP_RUNTIME_API_EXT","hipModuleLaunchKernel",1,1,831,67943985387685,67943985394154
"HIP_RUNTIME_API_EXT","hipGetDevice",1,1,832,67943985411047,67943985411147
"HIP_RUNTIME_API_EXT","hipGetDevice",1,1,833,67943985411828,67943985411918
"HIP_RUNTIME_API_EXT","hipGetDevice",1,1,834,67943985413020,67943985413110
"HIP_RUNTIME_API_EXT","hipGetDevice",1,1,835,67943985414001,67943985414101
"HIP_RUNTIME_API_EXT","hipGetDevice",1,1,836,67943985414652,67943985414732
"HIP_RUNTIME_API_EXT","hipGetDevice",1,1,837,67943985416705,67943985416805
"HIP_RUNTIME_API_EXT","hipGetDevice",1,1,838,67943985417426,67943985417516
"HIP_RUNTIME_API_EXT","hipGetDevice",1,1,839,67943985418067,67943985418157
"HIP_RUNTIME_API_EXT","hipGetDevice",1,1,840,67943985419278,67943985419369
"HIP_RUNTIME_API_EXT","hipGetDevice",1,1,841,67943985419979,67943985420070
"HIP_RUNTIME_API_EXT","hipGetDevice",1,1,842,67943985428421,67943985428521
"HIP_RUNTIME_API_EXT","hipPointerGetAttribute",1,1,843,67943985439386,67943985439566
"HIP_RUNTIME_API_EXT","hipPointerGetAttribute",1,1,844,67943985440217,67943985440337
"HIP_RUNTIME_API_EXT","hipPointerGetAttribute",1,1,845,67943985440948,67943985441068
"HIP_RUNTIME_API_EXT","hipModuleLaunchKernel",1,1,846,67943985441929,67943985449059
"HIP_RUNTIME_API_EXT","hipGetDevice",1,1,847,67943985452254,67943985452354
"HIP_RUNTIME_API_EXT","hipGetDevice",1,1,848,67943985453405,67943985453495
"HIP_RUNTIME_API_EXT","hipGetDevice",1,1,849,67943985454126,67943985454216
"HIP_RUNTIME_API_EXT","hipGetDevice",1,1,850,67943985455578,67943985455668
"HIP_RUNTIME_API_EXT","hipGetDevice",1,1,851,67943985456219,67943985456309
"HIP_RUNTIME_API_EXT","hipGetDevice",1,1,852,67943985485229,67943985485329
"HIP_RUNTIME_API_EXT","hipGetDevice",1,1,853,67943985485940,67943985486030
"HIP_RUNTIME_API_EXT","hipGetDevice",1,1,854,67943985486601,67943985486691
"HIP_RUNTIME_API_EXT","hipGetDevice",1,1,855,67943985487762,67943985487862
"HIP_RUNTIME_API_EXT","hipGetDevice",1,1,856,67943985488413,67943985488503
"HIP_RUNTIME_API_EXT","hipGetDevice",1,1,857,67943985494772,67943985494862
"HIP_RUNTIME_API_EXT","hipPointerGetAttribute",1,1,858,67943985510994,67943985511164
"HIP_RUNTIME_API_EXT","hipPointerGetAttribute",1,1,859,67943985511845,67943985511995
"HIP_RUNTIME_API_EXT","hipPointerGetAttribute",1,1,860,67943985512596,67943985512706
"HIP_RUNTIME_API_EXT","hipPointerGetAttribute",1,1,861,67943985513297,67943985513417
"HIP_RUNTIME_API_EXT","hipPointerGetAttribute",1,1,862,67943985514018,67943985514158
"HIP_RUNTIME_API_EXT","hipModuleLaunchKernel",1,1,863,67943985515049,67943985522289
"HIP_RUNTIME_API_EXT","hipGetDevice",1,1,864,67943985529920,67943985530010
"HIP_RUNTIME_API_EXT","hipPointerGetAttribute",1,1,865,67943985538351,67943985538491
"HIP_RUNTIME_API_EXT","hipPointerGetAttribute",1,1,866,67943985539132,67943985539243
"HIP_RUNTIME_API_EXT","hipModuleLaunchKernel",1,1,867,67943985540004,67943985547203
"HIP_RUNTIME_API_EXT","hipGetDevice",1,1,868,67943985560852,67943985560962
"HIP_RUNTIME_API_EXT","hipGetDevice",1,1,869,67943985562094,67943985562184
"HIP_RUNTIME_API_EXT","hipGetDevice",1,1,870,67943985563055,67943985563145
"HIP_RUNTIME_API_EXT","hipGetDevice",1,1,871,67943985564117,67943985564207
"HIP_RUNTIME_API_EXT","hipGetDevice",1,1,872,67943985564767,67943985564848
"HIP_RUNTIME_API_EXT","hipGetDevice",1,1,873,67943985566800,67943985566900
"HIP_RUNTIME_API_EXT","hipGetDevice",1,1,874,67943985567471,67943985567561
"HIP_RUNTIME_API_EXT","hipGetDevice",1,1,875,67943985568132,67943985568212
"HIP_RUNTIME_API_EXT","hipGetDevice",1,1,876,67943985569574,67943985569674
"HIP_RUNTIME_API_EXT","hipGetDevice",1,1,877,67943985570225,67943985570315
"HIP_RUNTIME_API_EXT","hipGetDevice",1,1,878,67943985578686,67943985578787
"HIP_RUNTIME_API_EXT","hipPointerGetAttribute",1,1,879,67943985588730,67943985588890
"HIP_RUNTIME_API_EXT","hipPointerGetAttribute",1,1,880,67943985589571,67943985589692
"HIP_RUNTIME_API_EXT","hipPointerGetAttribute",1,1,881,67943985590292,67943985590402
"HIP_RUNTIME_API_EXT","hipModuleLaunchKernel",1,1,882,67943985591264,67943985598253
"HIP_RUNTIME_API_EXT","hipGetDevice",1,1,883,67943985601458,67943985601558
"HIP_RUNTIME_API_EXT","hipGetDevice",1,1,884,67943985602589,67943985602679
"HIP_RUNTIME_API_EXT","hipGetDevice",1,1,885,67943985603270,67943985603360
"HIP_RUNTIME_API_EXT","hipGetDevice",1,1,886,67943985604822,67943985604922
"HIP_RUNTIME_API_EXT","hipGetDevice",1,1,887,67943985605483,67943985605563
"HIP_RUNTIME_API_EXT","hipGetDevice",1,1,888,67943985633311,67943985633411
"HIP_RUNTIME_API_EXT","hipGetDevice",1,1,889,67943985634032,67943985634132
"HIP_RUNTIME_API_EXT","hipGetDevice",1,1,890,67943985634693,67943985634783
"HIP_RUNTIME_API_EXT","hipGetDevice",1,1,891,67943985635825,67943985635925
"HIP_RUNTIME_API_EXT","hipGetDevice",1,1,892,67943985636485,67943985636576
"HIP_RUNTIME_API_EXT","hipGetDevice",1,1,893,67943985642694,67943985642794
"HIP_RUNTIME_API_EXT","hipPointerGetAttribute",1,1,894,67943985658976,67943985659136
"HIP_RUNTIME_API_EXT","hipPointerGetAttribute",1,1,895,67943985659787,67943985659928
"HIP_RUNTIME_API_EXT","hipPointerGetAttribute",1,1,896,67943985660528,67943985660639
"HIP_RUNTIME_API_EXT","hipPointerGetAttribute",1,1,897,67943985661259,67943985661370
"HIP_RUNTIME_API_EXT","hipPointerGetAttribute",1,1,898,67943985661980,67943985662111
"HIP_RUNTIME_API_EXT","hipModuleLaunchKernel",1,1,899,67943985662952,67943985670752
"HIP_RUNTIME_API_EXT","hipGetDevice",1,1,900,67943985678333,67943985678433
"HIP_RUNTIME_API_EXT","hipPointerGetAttribute",1,1,901,67943985686734,67943985686874
"HIP_RUNTIME_API_EXT","hipPointerGetAttribute",1,1,902,67943985687515,67943985687635
"HIP_RUNTIME_API_EXT","hipModuleLaunchKernel",1,1,903,67943985688366,67943985695066
"HIP_RUNTIME_API_EXT","hipGetDevice",1,1,904,67943985708334,67943985708434
"HIP_RUNTIME_API_EXT","hipGetDevice",1,1,905,67943985709786,67943985709876
"HIP_RUNTIME_API_EXT","hipGetDevice",1,1,906,67943985711067,67943985711158
"HIP_RUNTIME_API_EXT","hipGetDevice",1,1,907,67943985712129,67943985712219
"HIP_RUNTIME_API_EXT","hipGetDevice",1,1,908,67943985712790,67943985712880
"HIP_RUNTIME_API_EXT","hipGetDevice",1,1,909,67943985714863,67943985714963
"HIP_RUNTIME_API_EXT","hipGetDevice",1,1,910,67943985715544,67943985715634
"HIP_RUNTIME_API_EXT","hipGetDevice",1,1,911,67943985716425,67943985716515
"HIP_RUNTIME_API_EXT","hipGetDevice",1,1,912,67943985717636,67943985717727
"HIP_RUNTIME_API_EXT","hipGetDevice",1,1,913,67943985718287,67943985718377
"HIP_RUNTIME_API_EXT","hipGetDevice",1,1,914,67943985726378,67943985726479
"HIP_RUNTIME_API_EXT","hipPointerGetAttribute",1,1,915,67943985736222,67943985736382
"HIP_RUNTIME_API_EXT","hipPointerGetAttribute",1,1,916,67943985737073,67943985737183
"HIP_RUNTIME_API_EXT","hipPointerGetAttribute",1,1,917,67943985737854,67943985737964
"HIP_RUNTIME_API_EXT","hipModuleLaunchKernel",1,1,918,67943985739016,67943985745535
"HIP_RUNTIME_API_EXT","hipGetDevice",1,1,919,67943985748639,67943985748739
"HIP_RUNTIME_API_EXT","hipGetDevice",1,1,920,67943985749760,67943985749840
"HIP_RUNTIME_API_EXT","hipGetDevice",1,1,921,67943985750431,67943985750521
"HIP_RUNTIME_API_EXT","hipGetDevice",1,1,922,67943985751843,67943985751933
"HIP_RUNTIME_API_EXT","hipGetDevice",1,1,923,67943985752504,67943985752594
"HIP_RUNTIME_API_EXT","hipGetDevice",1,1,924,67943985780863,67943985780973
"HIP_RUNTIME_API_EXT","hipGetDevice",1,1,925,67943985781584,67943985781674
"HIP_RUNTIME_API_EXT","hipGetDevice",1,1,926,67943985782245,67943985782335
"HIP_RUNTIME_API_EXT","hipGetDevice",1,1,927,67943985783336,67943985783426
"HIP_RUNTIME_API_EXT","hipGetDevice",1,1,928,67943985784037,67943985784117
"HIP_RUNTIME_API_EXT","hipGetDevice",1,1,929,67943985790366,67943985790466
"HIP_RUNTIME_API_EXT","hipPointerGetAttribute",1,1,930,67943985807469,67943985807640
"HIP_RUNTIME_API_EXT","hipPointerGetAttribute",1,1,931,67943985808361,67943985808501
"HIP_RUNTIME_API_EXT","hipPointerGetAttribute",1,1,932,67943985809152,67943985809262
"HIP_RUNTIME_API_EXT","hipPointerGetAttribute",1,1,933,67943985809863,67943985809983
"HIP_RUNTIME_API_EXT","hipPointerGetAttribute",1,1,934,67943985810594,67943985810724
"HIP_RUNTIME_API_EXT","hipModuleLaunchKernel",1,1,935,67943985811605,67943985819326
"HIP_RUNTIME_API_EXT","hipGetDevice",1,1,936,67943985826936,67943985827036
"HIP_RUNTIME_API_EXT","hipPointerGetAttribute",1,1,937,67943985835287,67943985835428
"HIP_RUNTIME_API_EXT","hipPointerGetAttribute",1,1,938,67943985836048,67943985836159
"HIP_RUNTIME_API_EXT","hipModuleLaunchKernel",1,1,939,67943985836950,67943985843639
"HIP_RUNTIME_API_EXT","hipGetDevice",1,1,940,67943985856777,67943985856877
"HIP_RUNTIME_API_EXT","hipGetDevice",1,1,941,67943985858259,67943985858349
"HIP_RUNTIME_API_EXT","hipGetDevice",1,1,942,67943985859430,67943985859510
"HIP_RUNTIME_API_EXT","hipGetDevice",1,1,943,67943985860512,67943985860602
"HIP_RUNTIME_API_EXT","hipGetDevice",1,1,944,67943985861153,67943985861243
"HIP_RUNTIME_API_EXT","hipGetDevice",1,1,945,67943985863165,67943985863266
"HIP_RUNTIME_API_EXT","hipGetDevice",1,1,946,67943985863896,67943985863987
"HIP_RUNTIME_API_EXT","hipGetDevice",1,1,947,67943985864537,67943985864627
"HIP_RUNTIME_API_EXT","hipGetDevice",1,1,948,67943985865769,67943985865859
"HIP_RUNTIME_API_EXT","hipGetDevice",1,1,949,67943985866410,67943985866490
"HIP_RUNTIME_API_EXT","hipGetDevice",1,1,950,67943985874471,67943985874571
"HIP_RUNTIME_API_EXT","hipPointerGetAttribute",1,1,951,67943985884244,67943985884404
"HIP_RUNTIME_API_EXT","hipPointerGetAttribute",1,1,952,67943985885055,67943985885176
"HIP_RUNTIME_API_EXT","hipPointerGetAttribute",1,1,953,67943985885766,67943985885887
"HIP_RUNTIME_API_EXT","hipModuleLaunchKernel",1,1,954,67943985886948,67943985893307
"HIP_RUNTIME_API_EXT","hipGetDevice",1,1,955,67943985896341,67943985896441
"HIP_RUNTIME_API_EXT","hipGetDevice",1,1,956,67943985897522,67943985897613
"HIP_RUNTIME_API_EXT","hipGetDevice",1,1,957,67943985898193,67943985898273
"HIP_RUNTIME_API_EXT","hipGetDevice",1,1,958,67943985899575,67943985899675
"HIP_RUNTIME_API_EXT","hipGetDevice",1,1,959,67943985900236,67943985900326
"HIP_RUNTIME_API_EXT","hipGetDevice",1,1,960,67943985927924,67943985928024
"HIP_RUNTIME_API_EXT","hipGetDevice",1,1,961,67943985928935,67943985929026
"HIP_RUNTIME_API_EXT","hipGetDevice",1,1,962,67943985929596,67943985929686
"HIP_RUNTIME_API_EXT","hipGetDevice",1,1,963,67943985930708,67943985930798
"HIP_RUNTIME_API_EXT","hipGetDevice",1,1,964,67943985931369,67943985931459
"HIP_RUNTIME_API_EXT","hipGetDevice",1,1,965,67943985937337,67943985937427
"HIP_RUNTIME_API_EXT","hipPointerGetAttribute",1,1,966,67943985953209,67943985953389
"HIP_RUNTIME_API_EXT","hipPointerGetAttribute",1,1,967,67943985954060,67943985954200
"HIP_RUNTIME_API_EXT","hipPointerGetAttribute",1,1,968,67943985954801,67943985954921
"HIP_RUNTIME_API_EXT","hipPointerGetAttribute",1,1,969,67943985955502,67943985955612
"HIP_RUNTIME_API_EXT","hipPointerGetAttribute",1,1,970,67943985956193,67943985956333
"HIP_RUNTIME_API_EXT","hipModuleLaunchKernel",1,1,971,67943985957444,67943985964334
"HIP_RUNTIME_API_EXT","hipGetDevice",1,1,972,67943985972064,67943985972164
"HIP_RUNTIME_API_EXT","hipPointerGetAttribute",1,1,973,67943985979925,67943985980075
"HIP_RUNTIME_API_EXT","hipPointerGetAttribute",1,1,974,67943985980726,67943985980836
"HIP_RUNTIME_API_EXT","hipModuleLaunchKernel",1,1,975,67943985981557,67943985987906
"HIP_RUNTIME_API_EXT","hipGetDevice",1,1,976,67943986007383,67943986007493
"HIP_RUNTIME_API_EXT","hipGetDevice",1,1,977,67943986008134,67943986008224
"HIP_RUNTIME_API_EXT","hipGetDevice",1,1,978,67943986009095,67943986009175
"HIP_RUNTIME_API_EXT","hipGetDevice",1,1,979,67943986010247,67943986010347
"HIP_RUNTIME_API_EXT","hipGetDevice",1,1,980,67943986010907,67943986010988
"HIP_RUNTIME_API_EXT","hipGetDevice",1,1,981,67943986013181,67943986013281
"HIP_RUNTIME_API_EXT","hipGetDevice",1,1,982,67943986013862,67943986013952
"HIP_RUNTIME_API_EXT","hipGetDevice",1,1,983,67943986014502,67943986014593
"HIP_RUNTIME_API_EXT","hipGetDevice",1,1,984,67943986015934,67943986016024
"HIP_RUNTIME_API_EXT","hipGetDevice",1,1,985,67943986016585,67943986016675
"HIP_RUNTIME_API_EXT","hipGetDevice",1,1,986,67943986025077,67943986025167
"HIP_RUNTIME_API_EXT","hipPointerGetAttribute",1,1,987,67943986034840,67943986035010
"HIP_RUNTIME_API_EXT","hipPointerGetAttribute",1,1,988,67943986035711,67943986035832
"HIP_RUNTIME_API_EXT","hipPointerGetAttribute",1,1,989,67943986036492,67943986036613
"HIP_RUNTIME_API_EXT","hipModuleLaunchKernel",1,1,990,67943986037484,67943986043883
"HIP_RUNTIME_API_EXT","hipGetDevice",1,1,991,67943986047417,67943986047518
"HIP_RUNTIME_API_EXT","hipGetDevice",1,1,992,67943986048168,67943986048259
"HIP_RUNTIME_API_EXT","hipGetDevice",1,1,993,67943986048849,67943986048939
"HIP_RUNTIME_API_EXT","hipGetDevice",1,1,994,67943986050231,67943986050331
"HIP_RUNTIME_API_EXT","hipGetDevice",1,1,995,67943986050892,67943986050982
"HIP_RUNTIME_API_EXT","hipGetDevice",1,1,996,67943986078790,67943986078890
"HIP_RUNTIME_API_EXT","hipGetDevice",1,1,997,67943986079501,67943986079591
"HIP_RUNTIME_API_EXT","hipGetDevice",1,1,998,67943986080182,67943986080272
"HIP_RUNTIME_API_EXT","hipGetDevice",1,1,999,67943986081314,67943986081414
"HIP_RUNTIME_API_EXT","hipGetDevice",1,1,1000,67943986082015,67943986082105
"HIP_RUNTIME_API_EXT","hipGetDevice",1,1,1001,67943986088093,67943986088193
"HIP_RUNTIME_API_EXT","hipPointerGetAttribute",1,1,1002,67943986103905,67943986104075
"HIP_RUNTIME_API_EXT","hipPointerGetAttribute",1,1,1003,67943986104746,67943986104896
"HIP_RUNTIME_API_EXT","hipPointerGetAttribute",1,1,1004,67943986105527,67943986105637
"HIP_RUNTIME_API_EXT","hipPointerGetAttribute",1,1,1005,67943986106268,67943986106378
"HIP_RUNTIME_API_EXT","hipPointerGetAttribute",1,1,1006,67943986106979,67943986107119
"HIP_RUNTIME_API_EXT","hipModuleLaunchKernel",1,1,1007,67943986107960,67943986115030
"HIP_RUNTIME_API_EXT","hipGetDevice",1,1,1008,67943986122881,67943986122981
"HIP_RUNTIME_API_EXT","hipPointerGetAttribute",1,1,1009,67943986130871,67943986131012
"HIP_RUNTIME_API_EXT","hipPointerGetAttribute",1,1,1010,67943986131823,67943986131943
"HIP_RUNTIME_API_EXT","hipModuleLaunchKernel",1,1,1011,67943986132714,67943986138262
"HIP_RUNTIME_API_EXT","hipGetDevice",1,1,1012,67943986151570,67943986151680
"HIP_RUNTIME_API_EXT","hipGetDevice",1,1,1013,67943986152761,67943986152842
"HIP_RUNTIME_API_EXT","hipGetDevice",1,1,1014,67943986153943,67943986154033
"HIP_RUNTIME_API_EXT","hipGetDevice",1,1,1015,67943986154934,67943986155025
"HIP_RUNTIME_API_EXT","hipGetDevice",1,1,1016,67943986155585,67943986155675
"HIP_RUNTIME_API_EXT","hipGetDevice",1,1,1017,67943986157598,67943986157698
"HIP_RUNTIME_API_EXT","hipGetDevice",1,1,1018,67943986158289,67943986158379
"HIP_RUNTIME_API_EXT","hipGetDevice",1,1,1019,67943986158920,67943986159010
"HIP_RUNTIME_API_EXT","hipGetDevice",1,1,1020,67943986160131,67943986160222
"HIP_RUNTIME_API_EXT","hipGetDevice",1,1,1021,67943986160792,67943986160883
"HIP_RUNTIME_API_EXT","hipGetDevice",1,1,1022,67943986168623,67943986168713
"HIP_RUNTIME_API_EXT","hipPointerGetAttribute",1,1,1023,67943986178226,67943986178386
"HIP_RUNTIME_API_EXT","hipPointerGetAttribute",1,1,1024,67943986179037,67943986179157
"HIP_RUNTIME_API_EXT","hipPointerGetAttribute",1,1,1025,67943986180309,67943986180429
"HIP_RUNTIME_API_EXT","hipModuleLaunchKernel",1,1,1026,67943986181230,67943986187679
"HIP_RUNTIME_API_EXT","hipGetDevice",1,1,1027,67943986191124,67943986191224
"HIP_RUNTIME_API_EXT","hipGetDevice",1,1,1028,67943986191855,67943986191945
"HIP_RUNTIME_API_EXT","hipGetDevice",1,1,1029,67943986192516,67943986192606
"HIP_RUNTIME_API_EXT","hipGetDevice",1,1,1030,67943986193798,67943986193888
"HIP_RUNTIME_API_EXT","hipGetDevice",1,1,1031,67943986194458,67943986194539
"HIP_RUNTIME_API_EXT","hipGetDevice",1,1,1032,67943986222216,67943986222327
"HIP_RUNTIME_API_EXT","hipGetDevice",1,1,1033,67943986222987,67943986223088
"HIP_RUNTIME_API_EXT","hipGetDevice",1,1,1034,67943986223698,67943986223789
"HIP_RUNTIME_API_EXT","hipGetDevice",1,1,1035,67943986224790,67943986224890
"HIP_RUNTIME_API_EXT","hipGetDevice",1,1,1036,67943986225461,67943986225551
"HIP_RUNTIME_API_EXT","hipGetDevice",1,1,1037,67943986231539,67943986231639
"HIP_RUNTIME_API_EXT","hipPointerGetAttribute",1,1,1038,67943986249083,67943986249243
"HIP_RUNTIME_API_EXT","hipPointerGetAttribute",1,1,1039,67943986250004,67943986250145
"HIP_RUNTIME_API_EXT","hipPointerGetAttribute",1,1,1040,67943986250856,67943986250966
"HIP_RUNTIME_API_EXT","hipPointerGetAttribute",1,1,1041,67943986251617,67943986251737
"HIP_RUNTIME_API_EXT","hipPointerGetAttribute",1,1,1042,67943986252418,67943986252548
"HIP_RUNTIME_API_EXT","hipModuleLaunchKernel",1,1,1043,67943986253329,67943986260509
"HIP_RUNTIME_API_EXT","hipGetDevice",1,1,1044,67943986268410,67943986268510
"HIP_RUNTIME_API_EXT","hipPointerGetAttribute",1,1,1045,67943986276420,67943986276561
"HIP_RUNTIME_API_EXT","hipPointerGetAttribute",1,1,1046,67943986277342,67943986277562
"HIP_RUNTIME_API_EXT","hipModuleLaunchKernel",1,1,1047,67943986278563,67943986284982
"HIP_RUNTIME_API_EXT","hipGetDevice",1,1,1048,67943986299963,67943986300063
"HIP_RUNTIME_API_EXT","hipGetDevice",1,1,1049,67943986300724,67943986300814
"HIP_RUNTIME_API_EXT","hipGetDevice",1,1,1050,67943986302156,67943986302246
"HIP_RUNTIME_API_EXT","hipGetDevice",1,1,1051,67943986306261,67943986306351
"HIP_RUNTIME_API_EXT","hipGetDevice",1,1,1052,67943986307333,67943986307423
"HIP_RUNTIME_API_EXT","hipGetDevice",1,1,1053,67943986309355,67943986309456
"HIP_RUNTIME_API_EXT","hipGetDevice",1,1,1054,67943986310076,67943986310177
"HIP_RUNTIME_API_EXT","hipGetDevice",1,1,1055,67943986310828,67943986310918
"HIP_RUNTIME_API_EXT","hipGetDevice",1,1,1056,67943986312340,67943986312440
"HIP_RUNTIME_API_EXT","hipGetDevice",1,1,1057,67943986317136,67943986317226
"HIP_RUNTIME_API_EXT","hipGetDevice",1,1,1058,67943986325698,67943986325798
"HIP_RUNTIME_API_EXT","hipPointerGetAttribute",1,1,1059,67943986336563,67943986336933
"HIP_RUNTIME_API_EXT","hipPointerGetAttribute",1,1,1060,67943986337844,67943986337965
"HIP_RUNTIME_API_EXT","hipPointerGetAttribute",1,1,1061,67943986338746,67943986338866
"HIP_RUNTIME_API_EXT","hipModuleLaunchKernel",1,1,1062,67943986340017,67943986383477
"HIP_RUNTIME_API_EXT","hipGetDevice",1,1,1063,67943986387212,67943986387322
"HIP_RUNTIME_API_EXT","hipGetDevice",1,1,1064,67943986388193,67943986388283
"HIP_RUNTIME_API_EXT","hipGetDevice",1,1,1065,67943986388824,67943986388914
"HIP_RUNTIME_API_EXT","hipGetDevice",1,1,1066,67943986389876,67943986389966
"HIP_RUNTIME_API_EXT","hipGetDevice",1,1,1067,67943986390536,67943986390627
"HIP_RUNTIME_API_EXT","hipGetDevice",1,1,1068,67943986458429,67943986458539
"HIP_RUNTIME_API_EXT","hipGetDevice",1,1,1069,67943986459190,67943986459280
"HIP_RUNTIME_API_EXT","hipGetDevice",1,1,1070,67943986459881,67943986459961
"HIP_RUNTIME_API_EXT","hipGetDevice",1,1,1071,67943986461003,67943986461093
"HIP_RUNTIME_API_EXT","hipGetDevice",1,1,1072,67943986461654,67943986461744
"HIP_RUNTIME_API_EXT","hipGetDevice",1,1,1073,67943986467812,67943986467912
"HIP_RUNTIME_API_EXT","hipPointerGetAttribute",1,1,1074,67943986483644,67943986483824
"HIP_RUNTIME_API_EXT","hipPointerGetAttribute",1,1,1075,67943986484505,67943986484665
"HIP_RUNTIME_API_EXT","hipPointerGetAttribute",1,1,1076,67943986485506,67943986485616
"HIP_RUNTIME_API_EXT","hipPointerGetAttribute",1,1,1077,67943986486227,67943986486337
"HIP_RUNTIME_API_EXT","hipPointerGetAttribute",1,1,1078,67943986486928,67943986487068
"HIP_RUNTIME_API_EXT","hipModuleLaunchKernel",1,1,1079,67943986487860,67943986494929
"HIP_RUNTIME_API_EXT","hipGetDevice",1,1,1080,67943986502389,67943986502490
"HIP_RUNTIME_API_EXT","hipPointerGetAttribute",1,1,1081,67943986510240,67943986510380
"HIP_RUNTIME_API_EXT","hipPointerGetAttribute",1,1,1082,67943986511041,67943986511151
"HIP_RUNTIME_API_EXT","hipModuleLaunchKernel",1,1,1083,67943986511872,67943986518531
"HIP_RUNTIME_API_EXT","hipGetDevice",1,1,1084,67943986535064,67943986535164
"HIP_RUNTIME_API_EXT","hipGetDevice",1,1,1085,67943986535795,67943986535875
"HIP_RUNTIME_API_EXT","hipGetDevice",1,1,1086,67943986536977,67943986537067
"HIP_RUNTIME_API_EXT","hipGetDevice",1,1,1087,67943986538048,67943986538138
"HIP_RUNTIME_API_EXT","hipGetDevice",1,1,1088,67943986538689,67943986538769
"HIP_RUNTIME_API_EXT","hipGetDevice",1,1,1089,67943986540852,67943986540952
"HIP_RUNTIME_API_EXT","hipGetDevice",1,1,1090,67943986541553,67943986541633
"HIP_RUNTIME_API_EXT","hipGetDevice",1,1,1091,67943986542174,67943986542264
"HIP_RUNTIME_API_EXT","hipGetDevice",1,1,1092,67943986543596,67943986543686
"HIP_RUNTIME_API_EXT","hipGetDevice",1,1,1093,67943986544257,67943986544347
"HIP_RUNTIME_API_EXT","hipGetDevice",1,1,1094,67943986552888,67943986552989
"HIP_RUNTIME_API_EXT","hipPointerGetAttribute",1,1,1095,67943986562762,67943986562922
"HIP_RUNTIME_API_EXT","hipPointerGetAttribute",1,1,1096,67943986563613,67943986563733
"HIP_RUNTIME_API_EXT","hipPointerGetAttribute",1,1,1097,67943986564444,67943986564554
"HIP_RUNTIME_API_EXT","hipModuleLaunchKernel",1,1,1098,67943986565396,67943986572425
"HIP_RUNTIME_API_EXT","hipGetDevice",1,1,1099,67943986575910,67943986576000
"HIP_RUNTIME_API_EXT","hipGetDevice",1,1,1100,67943986576631,67943986576721
"HIP_RUNTIME_API_EXT","hipGetDevice",1,1,1101,67943986577282,67943986577362
"HIP_RUNTIME_API_EXT","hipGetDevice",1,1,1102,67943986578634,67943986578724
"HIP_RUNTIME_API_EXT","hipGetDevice",1,1,1103,67943986579285,67943986579365
"HIP_RUNTIME_API_EXT","hipGetDevice",1,1,1104,67943986609406,67943986609506
"HIP_RUNTIME_API_EXT","hipGetDevice",1,1,1105,67943986610097,67943986610187
"HIP_RUNTIME_API_EXT","hipGetDevice",1,1,1106,67943986610768,67943986610858
"HIP_RUNTIME_API_EXT","hipGetDevice",1,1,1107,67943986611859,67943986611959
"HIP_RUNTIME_API_EXT","hipGetDevice",1,1,1108,67943986612510,67943986612600
"HIP_RUNTIME_API_EXT","hipGetDevice",1,1,1109,67943986619069,67943986619169
"HIP_RUNTIME_API_EXT","hipPointerGetAttribute",1,1,1110,67943986635251,67943986635431
"HIP_RUNTIME_API_EXT","hipPointerGetAttribute",1,1,1111,67943986636192,67943986636343
"HIP_RUNTIME_API_EXT","hipPointerGetAttribute",1,1,1112,67943986636943,67943986637054
"HIP_RUNTIME_API_EXT","hipPointerGetAttribute",1,1,1113,67943986637664,67943986637785
"HIP_RUNTIME_API_EXT","hipPointerGetAttribute",1,1,1114,67943986638405,67943986638556
"HIP_RUNTIME_API_EXT","hipModuleLaunchKernel",1,1,1115,67943986639447,67943986646396
"HIP_RUNTIME_API_EXT","hipGetDevice",1,1,1116,67943986654307,67943986654407
"HIP_RUNTIME_API_EXT","hipPointerGetAttribute",1,1,1117,67943986662268,67943986662398
"HIP_RUNTIME_API_EXT","hipPointerGetAttribute",1,1,1118,67943986663089,67943986663199
"HIP_RUNTIME_API_EXT","hipModuleLaunchKernel",1,1,1119,67943986663930,67943986670149
"HIP_RUNTIME_API_EXT","hipGetDevice",1,1,1120,67943986685309,67943986685420
"HIP_RUNTIME_API_EXT","hipGetDevice",1,1,1121,67943986686040,67943986686131
"HIP_RUNTIME_API_EXT","hipGetDevice",1,1,1122,67943986687002,67943986687092
"HIP_RUNTIME_API_EXT","hipGetDevice",1,1,1123,67943986688063,67943986688153
"HIP_RUNTIME_API_EXT","hipGetDevice",1,1,1124,67943986688724,67943986688814
"HIP_RUNTIME_API_EXT","hipGetDevice",1,1,1125,67943986690687,67943986690787
"HIP_RUNTIME_API_EXT","hipGetDevice",1,1,1126,67943986691378,67943986691468
"HIP_RUNTIME_API_EXT","hipGetDevice",1,1,1127,67943986692009,67943986692089
"HIP_RUNTIME_API_EXT","hipGetDevice",1,1,1128,67943986693451,67943986693551
"HIP_RUNTIME_API_EXT","hipGetDevice",1,1,1129,67943986694091,67943986694182
"HIP_RUNTIME_API_EXT","hipGetDevice",1,1,1130,67943986702273,67943986702363
"HIP_RUNTIME_API_EXT","hipPointerGetAttribute",1,1,1131,67943986712016,67943986712186
"HIP_RUNTIME_API_EXT","hipPointerGetAttribute",1,1,1132,67943986712877,67943986712997
"HIP_RUNTIME_API_EXT","hipPointerGetAttribute",1,1,1133,67943986713608,67943986713718
"HIP_RUNTIME_API_EXT","hipModuleLaunchKernel",1,1,1134,67943986714600,67943986726986
"HIP_RUNTIME_API_EXT","hipGetDevice",1,1,1135,67943986730702,67943986730802
"HIP_RUNTIME_API_EXT","hipGetDevice",1,1,1136,67943986731483,67943986731563
"HIP_RUNTIME_API_EXT","hipGetDevice",1,1,1137,67943986732244,67943986732334
"HIP_RUNTIME_API_EXT","hipGetDevice",1,1,1138,67943986733746,67943986733846
"HIP_RUNTIME_API_EXT","hipGetDevice",1,1,1139,67943986734397,67943986734487
"HIP_RUNTIME_API_EXT","hipGetDevice",1,1,1140,67943986763597,67943986763707
"HIP_RUNTIME_API_EXT","hipGetDevice",1,1,1141,67943986764418,67943986764508
"HIP_RUNTIME_API_EXT","hipGetDevice",1,1,1142,67943986765069,67943986765159
"HIP_RUNTIME_API_EXT","hipGetDevice",1,1,1143,67943986766240,67943986766330
"HIP_RUNTIME_API_EXT","hipGetDevice",1,1,1144,67943986766891,67943986766981
"HIP_RUNTIME_API_EXT","hipGetDevice",1,1,1145,67943986773150,67943986773250
"HIP_RUNTIME_API_EXT","hipPointerGetAttribute",1,1,1146,67943986789282,67943986789462
"HIP_RUNTIME_API_EXT","hipPointerGetAttribute",1,1,1147,67943986790113,67943986790263
"HIP_RUNTIME_API_EXT","hipPointerGetAttribute",1,1,1148,67943986791074,67943986791194
"HIP_RUNTIME_API_EXT","hipPointerGetAttribute",1,1,1149,67943986791825,67943986791945
"HIP_RUNTIME_API_EXT","hipPointerGetAttribute",1,1,1150,67943986792576,67943986792716
"HIP_RUNTIME_API_EXT","hipModuleLaunchKernel",1,1,1151,67943986793848,67943986801378
"HIP_RUNTIME_API_EXT","hipGetDevice",1,1,1152,67943986808768,67943986808868
"HIP_RUNTIME_API_EXT","hipPointerGetAttribute",1,1,1153,67943986816689,67943986816829
"HIP_RUNTIME_API_EXT","hipPointerGetAttribute",1,1,1154,67943986817570,67943986817690
"HIP_RUNTIME_API_EXT","hipModuleLaunchKernel",1,1,1155,67943986818411,67943986824400
"HIP_RUNTIME_API_EXT","hipGetDevice",1,1,1156,67943986837948,67943986838058
"HIP_RUNTIME_API_EXT","hipGetDevice",1,1,1157,67943986839060,67943986839200
"HIP_RUNTIME_API_EXT","hipGetDevice",1,1,1158,67943986840482,67943986840622
"HIP_RUNTIME_API_EXT","hipGetDevice",1,1,1159,67943986842004,67943986842164
"HIP_RUNTIME_API_EXT","hipGetDevice",1,1,1160,67943986842895,67943986843035
"HIP_RUNTIME_API_EXT","hipGetDevice",1,1,1161,67943986845889,67943986846059
"HIP_RUNTIME_API_EXT","hipGetDevice",1,1,1162,67943986846840,67943986846991
"HIP_RUNTIME_API_EXT","hipGetDevice",1,1,1163,67943986847702,67943986847842
"HIP_RUNTIME_API_EXT","hipGetDevice",1,1,1164,67943986849274,67943986849424
"HIP_RUNTIME_API_EXT","hipGetDevice",1,1,1165,67943986850135,67943986850275
"HIP_RUNTIME_API_EXT","hipGetDevice",1,1,1166,67943986861961,67943986862131
"HIP_RUNTIME_API_EXT","hipPointerGetAttribute",1,1,1167,67943986873587,67943986873777
"HIP_RUNTIME_API_EXT","hipPointerGetAttribute",1,1,1168,67943986874498,67943986874628
"HIP_RUNTIME_API_EXT","hipPointerGetAttribute",1,1,1169,67943986875259,67943986875379
"HIP_RUNTIME_API_EXT","hipModuleLaunchKernel",1,1,1170,67943986876331,67943986883641
"HIP_RUNTIME_API_EXT","hipGetDevice",1,1,1171,67943986887216,67943986887306
"HIP_RUNTIME_API_EXT","hipGetDevice",1,1,1172,67943986888017,67943986888097
"HIP_RUNTIME_API_EXT","hipGetDevice",1,1,1173,67943986888718,67943986888808
"HIP_RUNTIME_API_EXT","hipGetDevice",1,1,1174,67943986890170,67943986890270
"HIP_RUNTIME_API_EXT","hipGetDevice",1,1,1175,67943986890820,67943986890911
"HIP_RUNTIME_API_EXT","hipGetDevice",1,1,1176,67943986920611,67943986920711
"HIP_RUNTIME_API_EXT","hipGetDevice",1,1,1177,67943986921322,67943986921422
"HIP_RUNTIME_API_EXT","hipGetDevice",1,1,1178,67943986922213,67943986922304
"HIP_RUNTIME_API_EXT","hipGetDevice",1,1,1179,67943986923565,67943986923655
"HIP_RUNTIME_API_EXT","hipGetDevice",1,1,1180,67943986924226,67943986924316
"HIP_RUNTIME_API_EXT","hipGetDevice",1,1,1181,67943986930695,67943986930795
"HIP_RUNTIME_API_EXT","hipPointerGetAttribute",1,1,1182,67943986946917,67943986947097
"HIP_RUNTIME_API_EXT","hipPointerGetAttribute",1,1,1183,67943986947768,67943986947919
"HIP_RUNTIME_API_EXT","hipPointerGetAttribute",1,1,1184,67943986948589,67943986948740
"HIP_RUNTIME_API_EXT","hipPointerGetAttribute",1,1,1185,67943986949340,67943986949451
"HIP_RUNTIME_API_EXT","hipPointerGetAttribute",1,1,1186,67943986950081,67943986950212
"HIP_RUNTIME_API_EXT","hipModuleLaunchKernel",1,1,1187,67943986951113,67943986957832
"HIP_RUNTIME_API_EXT","hipGetDevice",1,1,1188,67943986965302,67943986965402
"HIP_RUNTIME_API_EXT","hipPointerGetAttribute",1,1,1189,67943986973243,67943986973383
"HIP_RUNTIME_API_EXT","hipPointerGetAttribute",1,1,1190,67943986974094,67943986974204
"HIP_RUNTIME_API_EXT","hipModuleLaunchKernel",1,1,1191,67943986974955,67943986980994
"HIP_RUNTIME_API_EXT","hipGetDevice",1,1,1192,67943986998157,67943986998257
"HIP_RUNTIME_API_EXT","hipGetDevice",1,1,1193,67943986998888,67943986998978
"HIP_RUNTIME_API_EXT","hipGetDevice",1,1,1194,67943987007540,67943987007710
"HIP_RUNTIME_API_EXT","hipGetDevice",1,1,1195,67943987009493,67943987009703
"HIP_RUNTIME_API_EXT","hipGetDevice",1,1,1196,67943987010374,67943987010464
"HIP_RUNTIME_API_EXT","hipGetDevice",1,1,1197,67943987012657,67943987012757
"HIP_RUNTIME_API_EXT","hipGetDevice",1,1,1198,67943987013348,67943987013428
"HIP_RUNTIME_API_EXT","hipGetDevice",1,1,1199,67943987013979,67943987014069
"HIP_RUNTIME_API_EXT","hipGetDevice",1,1,1200,67943987015381,67943987015471
"HIP_RUNTIME_API_EXT","hipGetDevice",1,1,1201,67943987016052,67943987016142
"HIP_RUNTIME_API_EXT","hipGetDevice",1,1,1202,67943987025074,67943987025174
"HIP_RUNTIME_API_EXT","hipPointerGetAttribute",1,1,1203,67943987035138,67943987035318
"HIP_RUNTIME_API_EXT","hipPointerGetAttribute",1,1,1204,67943987036039,67943987036159
"HIP_RUNTIME_API_EXT","hipPointerGetAttribute",1,1,1205,67943987036780,67943987036890
"HIP_RUNTIME_API_EXT","hipModuleLaunchKernel",1,1,1206,67943987037781,67943987044571
"HIP_RUNTIME_API_EXT","hipGetDevice",1,1,1207,67943987048035,67943987048146
"HIP_RUNTIME_API_EXT","hipGetDevice",1,1,1208,67943987048756,67943987048847
"HIP_RUNTIME_API_EXT","hipGetDevice",1,1,1209,67943987049447,67943987049537
"HIP_RUNTIME_API_EXT","hipGetDevice",1,1,1210,67943987051100,67943987051190
"HIP_RUNTIME_API_EXT","hipGetDevice",1,1,1211,67943987051761,67943987051851
"HIP_RUNTIME_API_EXT","hipGetDevice",1,1,1212,67943987080860,67943987080960
"HIP_RUNTIME_API_EXT","hipGetDevice",1,1,1213,67943987081581,67943987081671
"HIP_RUNTIME_API_EXT","hipGetDevice",1,1,1214,67943987082242,67943987082332
"HIP_RUNTIME_API_EXT","hipGetDevice",1,1,1215,67943987083364,67943987083464
"HIP_RUNTIME_API_EXT","hipGetDevice",1,1,1216,67943987084025,67943987084105
"HIP_RUNTIME_API_EXT","hipGetDevice",1,1,1217,67943987090524,67943987090624
"HIP_RUNTIME_API_EXT","hipPointerGetAttribute",1,1,1218,67943987106736,67943987106916
"HIP_RUNTIME_API_EXT","hipPointerGetAttribute",1,1,1219,67943987107597,67943987107747
"HIP_RUNTIME_API_EXT","hipPointerGetAttribute",1,1,1220,67943987108388,67943987108518
"HIP_RUNTIME_API_EXT","hipPointerGetAttribute",1,1,1221,67943987109159,67943987109279
"HIP_RUNTIME_API_EXT","hipPointerGetAttribute",1,1,1222,67943987109900,67943987110040
"HIP_RUNTIME_API_EXT","hipModuleLaunchKernel",1,1,1223,67943987110901,67943987117891
"HIP_RUNTIME_API_EXT","hipGetDevice",1,1,1224,67943987125361,67943987125451
"HIP_RUNTIME_API_EXT","hipPointerGetAttribute",1,1,1225,67943987133532,67943987133673
"HIP_RUNTIME_API_EXT","hipPointerGetAttribute",1,1,1226,67943987134303,67943987134424
"HIP_RUNTIME_API_EXT","hipModuleLaunchKernel",1,1,1227,67943987135165,67943987140752
"HIP_RUNTIME_API_EXT","hipGetDevice",1,1,1228,67943987156103,67943987156203
"HIP_RUNTIME_API_EXT","hipGetDevice",1,1,1229,67943987156834,67943987156924
"HIP_RUNTIME_API_EXT","hipGetDevice",1,1,1230,67943987158026,67943987158116
"HIP_RUNTIME_API_EXT","hipGetDevice",1,1,1231,67943987159117,67943987159217
"HIP_RUNTIME_API_EXT","hipGetDevice",1,1,1232,67943987159778,67943987159858
"HIP_RUNTIME_API_EXT","hipGetDevice",1,1,1233,67943987161771,67943987161871
"HIP_RUNTIME_API_EXT","hipGetDevice",1,1,1234,67943987162472,67943987162562
"HIP_RUNTIME_API_EXT","hipGetDevice",1,1,1235,67943987163113,67943987163203
"HIP_RUNTIME_API_EXT","hipGetDevice",1,1,1236,67943987164304,67943987164405
"HIP_RUNTIME_API_EXT","hipGetDevice",1,1,1237,67943987164955,67943987165045
"HIP_RUNTIME_API_EXT","hipGetDevice",1,1,1238,67943987173177,67943987173277
"HIP_RUNTIME_API_EXT","hipPointerGetAttribute",1,1,1239,67943987182649,67943987182800
"HIP_RUNTIME_API_EXT","hipPointerGetAttribute",1,1,1240,67943987183471,67943987183591
"HIP_RUNTIME_API_EXT","hipPointerGetAttribute",1,1,1241,67943987184172,67943987184292
"HIP_RUNTIME_API_EXT","hipModuleLaunchKernel",1,1,1242,67943987185203,67943987192363
"HIP_RUNTIME_API_EXT","hipGetDevice",1,1,1243,67943987195667,67943987195757
"HIP_RUNTIME_API_EXT","hipGetDevice",1,1,1244,67943987196348,67943987196438
"HIP_RUNTIME_API_EXT","hipGetDevice",1,1,1245,67943987197019,67943987197109
"HIP_RUNTIME_API_EXT","hipGetDevice",1,1,1246,67943987198441,67943987198531
"HIP_RUNTIME_API_EXT","hipGetDevice",1,1,1247,67943987199102,67943987199192
"HIP_RUNTIME_API_EXT","hipGetDevice",1,1,1248,67943987227301,67943987227401
"HIP_RUNTIME_API_EXT","hipGetDevice",1,1,1249,67943987228042,67943987228142
"HIP_RUNTIME_API_EXT","hipGetDevice",1,1,1250,67943987228702,67943987228793
"HIP_RUNTIME_API_EXT","hipGetDevice",1,1,1251,67943987229844,67943987229944
"HIP_RUNTIME_API_EXT","hipGetDevice",1,1,1252,67943987230515,67943987230595
"HIP_RUNTIME_API_EXT","hipGetDevice",1,1,1253,67943987236753,67943987236854
"HIP_RUNTIME_API_EXT","hipPointerGetAttribute",1,1,1254,67943987252545,67943987252715
"HIP_RUNTIME_API_EXT","hipPointerGetAttribute",1,1,1255,67943987253466,67943987253607
"HIP_RUNTIME_API_EXT","hipPointerGetAttribute",1,1,1256,67943987254227,67943987254338
"HIP_RUNTIME_API_EXT","hipPointerGetAttribute",1,1,1257,67943987254958,67943987255079
"HIP_RUNTIME_API_EXT","hipPointerGetAttribute",1,1,1258,67943987255699,67943987255830
"HIP_RUNTIME_API_EXT","hipModuleLaunchKernel",1,1,1259,67943987256851,67943987263630
"HIP_RUNTIME_API_EXT","hipGetDevice",1,1,1260,67943987270880,67943987270980
"HIP_RUNTIME_API_EXT","hipPointerGetAttribute",1,1,1261,67943987278751,67943987278891
"HIP_RUNTIME_API_EXT","hipPointerGetAttribute",1,1,1262,67943987279532,67943987279652
"HIP_RUNTIME_API_EXT","hipModuleLaunchKernel",1,1,1263,67943987280373,67943987287042
"HIP_RUNTIME_API_EXT","hipGetDevice",1,1,1264,67943987302313,67943987302413
"HIP_RUNTIME_API_EXT","hipGetDevice",1,1,1265,67943987303064,67943987303154
"HIP_RUNTIME_API_EXT","hipGetDevice",1,1,1266,67943987304236,67943987304326
"HIP_RUNTIME_API_EXT","hipGetDevice",1,1,1267,67943987305247,67943987305347
"HIP_RUNTIME_API_EXT","hipGetDevice",1,1,1268,67943987305898,67943987305988
"HIP_RUNTIME_API_EXT","hipGetDevice",1,1,1269,67943987307861,67943987307961
"HIP_RUNTIME_API_EXT","hipGetDevice",1,1,1270,67943987308532,67943987308622
"HIP_RUNTIME_API_EXT","hipGetDevice",1,1,1271,67943987309193,67943987309273
"HIP_RUNTIME_API_EXT","hipGetDevice",1,1,1272,67943987310404,67943987310494
"HIP_RUNTIME_API_EXT","hipGetDevice",1,1,1273,67943987311065,67943987311145
"HIP_RUNTIME_API_EXT","hipGetDevice",1,1,1274,67943987319376,67943987319477
"HIP_RUNTIME_API_EXT","hipPointerGetAttribute",1,1,1275,67943987329160,67943987329320
"HIP_RUNTIME_API_EXT","hipPointerGetAttribute",1,1,1276,67943987329991,67943987330121
"HIP_RUNTIME_API_EXT","hipPointerGetAttribute",1,1,1277,67943987330742,67943987330872
"HIP_RUNTIME_API_EXT","hipModuleLaunchKernel",1,1,1278,67943987331753,67943987338923
"HIP_RUNTIME_API_EXT","hipGetDevice",1,1,1279,67943987342017,67943987342108
"HIP_RUNTIME_API_EXT","hipGetDevice",1,1,1280,67943987342718,67943987342798
"HIP_RUNTIME_API_EXT","hipGetDevice",1,1,1281,67943987343650,67943987343730
"HIP_RUNTIME_API_EXT","hipGetDevice",1,1,1282,67943987345072,67943987345162
"HIP_RUNTIME_API_EXT","hipGetDevice",1,1,1283,67943987345722,67943987345813
"HIP_RUNTIME_API_EXT","hipGetDevice",1,1,1284,67943987373671,67943987373771
"HIP_RUNTIME_API_EXT","hipGetDevice",1,1,1285,67943987374392,67943987374482
"HIP_RUNTIME_API_EXT","hipGetDevice",1,1,1286,67943987375053,67943987375133
"HIP_RUNTIME_API_EXT","hipGetDevice",1,1,1287,67943987376174,67943987376264
"HIP_RUNTIME_API_EXT","hipGetDevice",1,1,1288,67943987376835,67943987376915
"HIP_RUNTIME_API_EXT","hipGetDevice",1,1,1289,67943987382863,67943987382963
"HIP_RUNTIME_API_EXT","hipPointerGetAttribute",1,1,1290,67943987398785,67943987398965
"HIP_RUNTIME_API_EXT","hipPointerGetAttribute",1,1,1291,67943987399666,67943987399816
"HIP_RUNTIME_API_EXT","hipPointerGetAttribute",1,1,1292,67943987400497,67943987400618
"HIP_RUNTIME_API_EXT","hipPointerGetAttribute",1,1,1293,67943987401228,67943987401349
"HIP_RUNTIME_API_EXT","hipPointerGetAttribute",1,1,1294,67943987401969,67943987402110
"HIP_RUNTIME_API_EXT","hipModuleLaunchKernel",1,1,1295,67943987402991,67943987410191
"HIP_RUNTIME_API_EXT","hipGetDevice",1,1,1296,67943987417701,67943987417801
"HIP_RUNTIME_API_EXT","hipPointerGetAttribute",1,1,1297,67943987425381,67943987425532
"HIP_RUNTIME_API_EXT","hipPointerGetAttribute",1,1,1298,67943987426203,67943987426323
"HIP_RUNTIME_API_EXT","hipModuleLaunchKernel",1,1,1299,67943987427054,67943987432241
"HIP_RUNTIME_API_EXT","hipGetDevice",1,1,1300,67943987445970,67943987446070
"HIP_RUNTIME_API_EXT","hipGetDevice",1,1,1301,67943987446721,67943987446801
"HIP_RUNTIME_API_EXT","hipGetDevice",1,1,1302,67943987447892,67943987447982
"HIP_RUNTIME_API_EXT","hipGetDevice",1,1,1303,67943987448944,67943987449034
"HIP_RUNTIME_API_EXT","hipGetDevice",1,1,1304,67943987449574,67943987449665
"HIP_RUNTIME_API_EXT","hipGetDevice",1,1,1305,67943987451547,67943987451647
"HIP_RUNTIME_API_EXT","hipGetDevice",1,1,1306,67943987452218,67943987452308
"HIP_RUNTIME_API_EXT","hipGetDevice",1,1,1307,67943987452879,67943987452969
"HIP_RUNTIME_API_EXT","hipGetDevice",1,1,1308,67943987454311,67943987454411
"HIP_RUNTIME_API_EXT","hipGetDevice",1,1,1309,67943987454972,67943987455052
"HIP_RUNTIME_API_EXT","hipGetDevice",1,1,1310,67943987463123,67943987463223
"HIP_RUNTIME_API_EXT","hipPointerGetAttribute",1,1,1311,67943987472916,67943987473087
"HIP_RUNTIME_API_EXT","hipPointerGetAttribute",1,1,1312,67943987473818,67943987473938
"HIP_RUNTIME_API_EXT","hipPointerGetAttribute",1,1,1313,67943987474569,67943987474679
"HIP_RUNTIME_API_EXT","hipModuleLaunchKernel",1,1,1314,67943987475931,67943987482560
"HIP_RUNTIME_API_EXT","hipGetDevice",1,1,1315,67943987485594,67943987485694
"HIP_RUNTIME_API_EXT","hipGetDevice",1,1,1316,67943987486295,67943987486385
"HIP_RUNTIME_API_EXT","hipGetDevice",1,1,1317,67943987486986,67943987487076
"HIP_RUNTIME_API_EXT","hipGetDevice",1,1,1318,67943987488347,67943987488438
"HIP_RUNTIME_API_EXT","hipGetDevice",1,1,1319,67943987489008,67943987489099
"HIP_RUNTIME_API_EXT","hipGetDevice",1,1,1320,67943987516466,67943987516566
"HIP_RUNTIME_API_EXT","hipGetDevice",1,1,1321,67943987517227,67943987517317
"HIP_RUNTIME_API_EXT","hipGetDevice",1,1,1322,67943987517898,67943987517978
"HIP_RUNTIME_API_EXT","hipGetDevice",1,1,1323,67943987518989,67943987519090
"HIP_RUNTIME_API_EXT","hipGetDevice",1,1,1324,67943987519650,67943987519740
"HIP_RUNTIME_API_EXT","hipGetDevice",1,1,1325,67943987525789,67943987525889
"HIP_RUNTIME_API_EXT","hipPointerGetAttribute",1,1,1326,67943987541280,67943987541450
"HIP_RUNTIME_API_EXT","hipPointerGetAttribute",1,1,1327,67943987542171,67943987542321
"HIP_RUNTIME_API_EXT","hipPointerGetAttribute",1,1,1328,67943987542922,67943987543032
"HIP_RUNTIME_API_EXT","hipPointerGetAttribute",1,1,1329,67943987543643,67943987543753
"HIP_RUNTIME_API_EXT","hipPointerGetAttribute",1,1,1330,67943987544364,67943987544504
"HIP_RUNTIME_API_EXT","hipModuleLaunchKernel",1,1,1331,67943987545436,67943987552095
"HIP_RUNTIME_API_EXT","hipGetDevice",1,1,1332,67943987559445,67943987559545
"HIP_RUNTIME_API_EXT","hipPointerGetAttribute",1,1,1333,67943987567906,67943987568046
"HIP_RUNTIME_API_EXT","hipPointerGetAttribute",1,1,1334,67943987568717,67943987568838
"HIP_RUNTIME_API_EXT","hipModuleLaunchKernel",1,1,1335,67943987569559,67943987575697
"HIP_RUNTIME_API_EXT","hipGetDevice",1,1,1336,67943987590347,67943987590457
"HIP_RUNTIME_API_EXT","hipGetDevice",1,1,1337,67943987591118,67943987591218
"HIP_RUNTIME_API_EXT","hipGetDevice",1,1,1338,67943987592290,67943987592370
"HIP_RUNTIME_API_EXT","hipGetDevice",1,1,1339,67943987593341,67943987593441
"HIP_RUNTIME_API_EXT","hipGetDevice",1,1,1340,67943987594002,67943987594092
"HIP_RUNTIME_API_EXT","hipGetDevice",1,1,1341,67943987596015,67943987596115
"HIP_RUNTIME_API_EXT","hipGetDevice",1,1,1342,67943987596716,67943987596796
"HIP_RUNTIME_API_EXT","hipGetDevice",1,1,1343,67943987597357,67943987597447
"HIP_RUNTIME_API_EXT","hipGetDevice",1,1,1344,67943987598578,67943987598668
"HIP_RUNTIME_API_EXT","hipGetDevice",1,1,1345,67943987599279,67943987599369
"HIP_RUNTIME_API_EXT","hipGetDevice",1,1,1346,67943987607711,67943987607811
"HIP_RUNTIME_API_EXT","hipPointerGetAttribute",1,1,1347,67943987617334,67943987617494
"HIP_RUNTIME_API_EXT","hipPointerGetAttribute",1,1,1348,67943987618155,67943987618275
"HIP_RUNTIME_API_EXT","hipPointerGetAttribute",1,1,1349,67943987618866,67943987618986
"HIP_RUNTIME_API_EXT","hipModuleLaunchKernel",1,1,1350,67943987619877,67943987626326
"HIP_RUNTIME_API_EXT","hipGetDevice",1,1,1351,67943987629290,67943987629380
"HIP_RUNTIME_API_EXT","hipGetDevice",1,1,1352,67943987630001,67943987630091
"HIP_RUNTIME_API_EXT","hipGetDevice",1,1,1353,67943987630682,67943987630762
"HIP_RUNTIME_API_EXT","hipGetDevice",1,1,1354,67943987632264,67943987632364
"HIP_RUNTIME_API_EXT","hipGetDevice",1,1,1355,67943987632915,67943987633005
"HIP_RUNTIME_API_EXT","hipGetDevice",1,1,1356,67943987660162,67943987660263
"HIP_RUNTIME_API_EXT","hipGetDevice",1,1,1357,67943987660974,67943987661074
"HIP_RUNTIME_API_EXT","hipGetDevice",1,1,1358,67943987661644,67943987661735
"HIP_RUNTIME_API_EXT","hipGetDevice",1,1,1359,67943987663016,67943987663116
"HIP_RUNTIME_API_EXT","hipGetDevice",1,1,1360,67943987663687,67943987663777
"HIP_RUNTIME_API_EXT","hipGetDevice",1,1,1361,67943987669665,67943987669756
"HIP_RUNTIME_API_EXT","hipPointerGetAttribute",1,1,1362,67943987685227,67943987685407
"HIP_RUNTIME_API_EXT","hipPointerGetAttribute",1,1,1363,67943987686068,67943987686218
"HIP_RUNTIME_API_EXT","hipPointerGetAttribute",1,1,1364,67943987686849,67943987686959
"HIP_RUNTIME_API_EXT","hipPointerGetAttribute",1,1,1365,67943987687570,67943987687680
"HIP_RUNTIME_API_EXT","hipPointerGetAttribute",1,1,1366,67943987688321,67943987688451
"HIP_RUNTIME_API_EXT","hipModuleLaunchKernel",1,1,1367,67943987689312,67943987696242
"HIP_RUNTIME_API_EXT","hipGetDevice",1,1,1368,67943987703792,67943987703892
"HIP_RUNTIME_API_EXT","hipPointerGetAttribute",1,1,1369,67943987711513,67943987711653
"HIP_RUNTIME_API_EXT","hipPointerGetAttribute",1,1,1370,67943987712354,67943987712474
"HIP_RUNTIME_API_EXT","hipModuleLaunchKernel",1,1,1371,67943987713195,67943987719123
"HIP_RUNTIME_API_EXT","hipGetDevice",1,1,1372,67943987731941,67943987732041
"HIP_RUNTIME_API_EXT","hipGetDevice",1,1,1373,67943987733152,67943987733242
"HIP_RUNTIME_API_EXT","hipGetDevice",1,1,1374,67943987734564,67943987734654
"HIP_RUNTIME_API_EXT","hipGetDevice",1,1,1375,67943987735966,67943987736066
"HIP_RUNTIME_API_EXT","hipGetDevice",1,1,1376,67943987736617,67943987736697
"HIP_RUNTIME_API_EXT","hipGetDevice",1,1,1377,67943987738640,67943987738740
"HIP_RUNTIME_API_EXT","hipGetDevice",1,1,1378,67943987739331,67943987739421
"HIP_RUNTIME_API_EXT","hipGetDevice",1,1,1379,67943987739962,67943987740052
"HIP_RUNTIME_API_EXT","hipGetDevice",1,1,1380,67943987741353,67943987741444
"HIP_RUNTIME_API_EXT","hipGetDevice",1,1,1381,67943987742004,67943987742084
"HIP_RUNTIME_API_EXT","hipGetDevice",1,1,1382,67943987750085,67943987750186
"HIP_RUNTIME_API_EXT","hipPointerGetAttribute",1,1,1383,67943987759578,67943987759759
"HIP_RUNTIME_API_EXT","hipPointerGetAttribute",1,1,1384,67943987760420,67943987760540
"HIP_RUNTIME_API_EXT","hipPointerGetAttribute",1,1,1385,67943987761201,67943987761311
"HIP_RUNTIME_API_EXT","hipModuleLaunchKernel",1,1,1386,67943987762432,67943987769061
"HIP_RUNTIME_API_EXT","hipGetDevice",1,1,1387,67943987772105,67943987772206
"HIP_RUNTIME_API_EXT","hipGetDevice",1,1,1388,67943987772816,67943987772907
"HIP_RUNTIME_API_EXT","hipGetDevice",1,1,1389,67943987773527,67943987773618
"HIP_RUNTIME_API_EXT","hipGetDevice",1,1,1390,67943987775360,67943987775460
"HIP_RUNTIME_API_EXT","hipGetDevice",1,1,1391,67943987776031,67943987776121
"HIP_RUNTIME_API_EXT","hipGetDevice",1,1,1392,67943987802337,67943987802437
"HIP_RUNTIME_API_EXT","hipGetDevice",1,1,1393,67943987803048,67943987803138
"HIP_RUNTIME_API_EXT","hipGetDevice",1,1,1394,67943987803729,67943987803819
"HIP_RUNTIME_API_EXT","hipGetDevice",1,1,1395,67943987805071,67943987805161
"HIP_RUNTIME_API_EXT","hipGetDevice",1,1,1396,67943987805741,67943987805832
"HIP_RUNTIME_API_EXT","hipGetDevice",1,1,1397,67943987811620,67943987811720
"HIP_RUNTIME_API_EXT","hipPointerGetAttribute",1,1,1398,67943987826981,67943987827161
"HIP_RUNTIME_API_EXT","hipPointerGetAttribute",1,1,1399,67943987827842,67943987827992
"HIP_RUNTIME_API_EXT","hipPointerGetAttribute",1,1,1400,67943987828603,67943987828723
"HIP_RUNTIME_API_EXT","hipPointerGetAttribute",1,1,1401,67943987832748,67943987832879
"HIP_RUNTIME_API_EXT","hipPointerGetAttribute",1,1,1402,67943987833499,67943987833650
"HIP_RUNTIME_API_EXT","hipModuleLaunchKernel",1,1,1403,67943987834411,67943987842702
"HIP_RUNTIME_API_EXT","hipGetDevice",1,1,1404,67943987850443,67943987850543
"HIP_RUNTIME_API_EXT","hipPointerGetAttribute",1,1,1405,67943987858654,67943987858794
"HIP_RUNTIME_API_EXT","hipPointerGetAttribute",1,1,1406,67943987879963,67943987880364
"HIP_RUNTIME_API_EXT","hipModuleLaunchKernel",1,1,1407,67943987881795,67943987928630
"HIP_RUNTIME_API_EXT","hipGetDevice",1,1,1408,67943987943039,67943987943139
"HIP_RUNTIME_API_EXT","hipGetDevice",1,1,1409,67943987943850,67943987943940
"HIP_RUNTIME_API_EXT","hipGetDevice",1,1,1410,67943987944812,67943987944902
"HIP_RUNTIME_API_EXT","hipGetDevice",1,1,1411,67943987945833,67943987945933
"HIP_RUNTIME_API_EXT","hipGetDevice",1,1,1412,67943987946474,67943987946564
"HIP_RUNTIME_API_EXT","hipGetDevice",1,1,1413,67943987948547,67943987948637
"HIP_RUNTIME_API_EXT","hipGetDevice",1,1,1414,67943987949208,67943987949298
"HIP_RUNTIME_API_EXT","hipGetDevice",1,1,1415,67943987949849,67943987949939
"HIP_RUNTIME_API_EXT","hipGetDevice",1,1,1416,67943987952662,67943987952753
"HIP_RUNTIME_API_EXT","hipGetDevice",1,1,1417,67943987953323,67943987953413
"HIP_RUNTIME_API_EXT","hipGetDevice",1,1,1418,67943987961735,67943987961835
"HIP_RUNTIME_API_EXT","hipPointerGetAttribute",1,1,1419,67943987971328,67943987971488
"HIP_RUNTIME_API_EXT","hipPointerGetAttribute",1,1,1420,67943987972179,67943987972299
"HIP_RUNTIME_API_EXT","hipPointerGetAttribute",1,1,1421,67943987972900,67943987973010
"HIP_RUNTIME_API_EXT","hipModuleLaunchKernel",1,1,1422,67943987973771,67943988012875
"HIP_RUNTIME_API_EXT","hipGetDevice",1,1,1423,67943988016219,67943988016319
"HIP_RUNTIME_API_EXT","hipGetDevice",1,1,1424,67943988016910,67943988017000
"HIP_RUNTIME_API_EXT","hipGetDevice",1,1,1425,67943988017581,67943988017671
"HIP_RUNTIME_API_EXT","hipGetDevice",1,1,1426,67943988018653,67943988018743
"HIP_RUNTIME_API_EXT","hipGetDevice",1,1,1427,67943988019344,67943988019424
"HIP_RUNTIME_API_EXT","hipGetDevice",1,1,1428,67943988049355,67943988049455
"HIP_RUNTIME_API_EXT","hipGetDevice",1,1,1429,67943988050096,67943988050176
"HIP_RUNTIME_API_EXT","hipGetDevice",1,1,1430,67943988050746,67943988050837
"HIP_RUNTIME_API_EXT","hipGetDevice",1,1,1431,67943988051778,67943988051868
"HIP_RUNTIME_API_EXT","hipGetDevice",1,1,1432,67943988052409,67943988052499
"HIP_RUNTIME_API_EXT","hipGetDevice",1,1,1433,67943988058697,67943988058798
"HIP_RUNTIME_API_EXT","hipPointerGetAttribute",1,1,1434,67943988074859,67943988075060
"HIP_RUNTIME_API_EXT","hipPointerGetAttribute",1,1,1435,67943988075721,67943988075871
"HIP_RUNTIME_API_EXT","hipPointerGetAttribute",1,1,1436,67943988076462,67943988076572
"HIP_RUNTIME_API_EXT","hipPointerGetAttribute",1,1,1437,67943988077183,67943988077293
"HIP_RUNTIME_API_EXT","hipPointerGetAttribute",1,1,1438,67943988077894,67943988078024
"HIP_RUNTIME_API_EXT","hipModuleLaunchKernel",1,1,1439,67943988078825,67943988086425
"HIP_RUNTIME_API_EXT","hipGetDevice",1,1,1440,67943988094086,67943988094186
"HIP_RUNTIME_API_EXT","hipPointerGetAttribute",1,1,1441,67943988101916,67943988102057
"HIP_RUNTIME_API_EXT","hipPointerGetAttribute",1,1,1442,67943988102728,67943988102848
"HIP_RUNTIME_API_EXT","hipModuleLaunchKernel",1,1,1443,67943988103539,67943988109627
"HIP_RUNTIME_API_EXT","hipGetDevice",1,1,1444,67943988124587,67943988124688
"HIP_RUNTIME_API_EXT","hipGetDevice",1,1,1445,67943988125399,67943988125489
"HIP_RUNTIME_API_EXT","hipGetDevice",1,1,1446,67943988126770,67943988126861
"HIP_RUNTIME_API_EXT","hipGetDevice",1,1,1447,67943988127812,67943988127902
"HIP_RUNTIME_API_EXT","hipGetDevice",1,1,1448,67943988128473,67943988128553
"HIP_RUNTIME_API_EXT","hipGetDevice",1,1,1449,67943988130496,67943988130596
"HIP_RUNTIME_API_EXT","hipGetDevice",1,1,1450,67943988131166,67943988131257
"HIP_RUNTIME_API_EXT","hipGetDevice",1,1,1451,67943988131807,67943988131897
"HIP_RUNTIME_API_EXT","hipGetDevice",1,1,1452,67943988132929,67943988133019
"HIP_RUNTIME_API_EXT","hipGetDevice",1,1,1453,67943988133580,67943988133670
"HIP_RUNTIME_API_EXT","hipGetDevice",1,1,1454,67943988141961,67943988142061
"HIP_RUNTIME_API_EXT","hipPointerGetAttribute",1,1,1455,67943988151835,67943988151995
"HIP_RUNTIME_API_EXT","hipPointerGetAttribute",1,1,1456,67943988152646,67943988152766
"HIP_RUNTIME_API_EXT","hipPointerGetAttribute",1,1,1457,67943988153377,67943988153497
"HIP_RUNTIME_API_EXT","hipModuleLaunchKernel",1,1,1458,67943988154228,67943988161278
"HIP_RUNTIME_API_EXT","hipGetDevice",1,1,1459,67943988164822,67943988164923
"HIP_RUNTIME_API_EXT","hipGetDevice",1,1,1460,67943988165533,67943988165614
"HIP_RUNTIME_API_EXT","hipGetDevice",1,1,1461,67943988166204,67943988166294
"HIP_RUNTIME_API_EXT","hipGetDevice",1,1,1462,67943988167246,67943988167346
"HIP_RUNTIME_API_EXT","hipGetDevice",1,1,1463,67943988168127,67943988168217
"HIP_RUNTIME_API_EXT","hipGetDevice",1,1,1464,67943988196626,67943988196726
"HIP_RUNTIME_API_EXT","hipGetDevice",1,1,1465,67943988197347,67943988197437
"HIP_RUNTIME_API_EXT","hipGetDevice",1,1,1466,67943988198028,67943988198118
"HIP_RUNTIME_API_EXT","hipGetDevice",1,1,1467,67943988199149,67943988199250
"HIP_RUNTIME_API_EXT","hipGetDevice",1,1,1468,67943988199850,67943988199940
"HIP_RUNTIME_API_EXT","hipGetDevice",1,1,1469,67943988205778,67943988205879
"HIP_RUNTIME_API_EXT","hipPointerGetAttribute",1,1,1470,67943988221420,67943988221600
"HIP_RUNTIME_API_EXT","hipPointerGetAttribute",1,1,1471,67943988222251,67943988222391
"HIP_RUNTIME_API_EXT","hipPointerGetAttribute",1,1,1472,67943988223232,67943988223352
"HIP_RUNTIME_API_EXT","hipPointerGetAttribute",1,1,1473,67943988224424,67943988224544
"HIP_RUNTIME_API_EXT","hipPointerGetAttribute",1,1,1474,67943988225145,67943988225285
"HIP_RUNTIME_API_EXT","hipModuleLaunchKernel",1,1,1475,67943988226126,67943988232745
"HIP_RUNTIME_API_EXT","hipGetDevice",1,1,1476,67943988239955,67943988240055
"HIP_RUNTIME_API_EXT","hipPointerGetAttribute",1,1,1477,67943988247886,67943988248026
"HIP_RUNTIME_API_EXT","hipPointerGetAttribute",1,1,1478,67943988248647,67943988248767
"HIP_RUNTIME_API_EXT","hipModuleLaunchKernel",1,1,1479,67943988249488,67943988255366
"HIP_RUNTIME_API_EXT","hipGetDevice",1,1,1480,67943988269385,67943988269496
"HIP_RUNTIME_API_EXT","hipGetDevice",1,1,1481,67943988270176,67943988270267
"HIP_RUNTIME_API_EXT","hipGetDevice",1,1,1482,67943988271358,67943988271448
"HIP_RUNTIME_API_EXT","hipGetDevice",1,1,1483,67943988272670,67943988272770
"HIP_RUNTIME_API_EXT","hipGetDevice",1,1,1484,67943988273321,67943988273411
"HIP_RUNTIME_API_EXT","hipGetDevice",1,1,1485,67943988275394,67943988275494
"HIP_RUNTIME_API_EXT","hipGetDevice",1,1,1486,67943988276085,67943988276175
"HIP_RUNTIME_API_EXT","hipGetDevice",1,1,1487,67943988276715,67943988276806
"HIP_RUNTIME_API_EXT","hipGetDevice",1,1,1488,67943988278177,67943988278278
"HIP_RUNTIME_API_EXT","hipGetDevice",1,1,1489,67943988278818,67943988278908
"HIP_RUNTIME_API_EXT","hipGetDevice",1,1,1490,67943988287280,67943988287380
"HIP_RUNTIME_API_EXT","hipPointerGetAttribute",1,1,1491,67943988297233,67943988297394
"HIP_RUNTIME_API_EXT","hipPointerGetAttribute",1,1,1492,67943988298055,67943988298185
"HIP_RUNTIME_API_EXT","hipPointerGetAttribute",1,1,1493,67943988298806,67943988298926
"HIP_RUNTIME_API_EXT","hipModuleLaunchKernel",1,1,1494,67943988299797,67943988306546
"HIP_RUNTIME_API_EXT","hipGetDevice",1,1,1495,67943988310041,67943988310141
"HIP_RUNTIME_API_EXT","hipGetDevice",1,1,1496,67943988310942,67943988311032
"HIP_RUNTIME_API_EXT","hipGetDevice",1,1,1497,67943988311613,67943988311703
"HIP_RUNTIME_API_EXT","hipGetDevice",1,1,1498,67943988313075,67943988313175
"HIP_RUNTIME_API_EXT","hipGetDevice",1,1,1499,67943988313736,67943988313826
"HIP_RUNTIME_API_EXT","hipGetDevice",1,1,1500,67943988340413,67943988340513
"HIP_RUNTIME_API_EXT","hipGetDevice",1,1,1501,67943988341113,67943988341204
"HIP_RUNTIME_API_EXT","hipGetDevice",1,1,1502,67943988341774,67943988341854
"HIP_RUNTIME_API_EXT","hipGetDevice",1,1,1503,67943988342916,67943988343006
"HIP_RUNTIME_API_EXT","hipGetDevice",1,1,1504,67943988343587,67943988343677
"HIP_RUNTIME_API_EXT","hipGetDevice",1,1,1505,67943988349635,67943988349735
"HIP_RUNTIME_API_EXT","hipPointerGetAttribute",1,1,1506,67943988365507,67943988365667
"HIP_RUNTIME_API_EXT","hipPointerGetAttribute",1,1,1507,67943988366348,67943988366488
"HIP_RUNTIME_API_EXT","hipPointerGetAttribute",1,1,1508,67943988367119,67943988367239
"HIP_RUNTIME_API_EXT","hipPointerGetAttribute",1,1,1509,67943988367840,67943988367980
"HIP_RUNTIME_API_EXT","hipPointerGetAttribute",1,1,1510,67943988368571,67943988368711
"HIP_RUNTIME_API_EXT","hipModuleLaunchKernel",1,1,1511,67943988369552,67943988376732
"HIP_RUNTIME_API_EXT","hipGetDevice",1,1,1512,67943988383822,67943988383922
"HIP_RUNTIME_API_EXT","hipPointerGetAttribute",1,1,1513,67943988391552,67943988391693
"HIP_RUNTIME_API_EXT","hipPointerGetAttribute",1,1,1514,67943988392303,67943988392414
"HIP_RUNTIME_API_EXT","hipModuleLaunchKernel",1,1,1515,67943988393125,67943988405031
"HIP_RUNTIME_API_EXT","hipGetDevice",1,1,1516,67943988419110,67943988419210
"HIP_RUNTIME_API_EXT","hipGetDevice",1,1,1517,67943988419901,67943988419991
"HIP_RUNTIME_API_EXT","hipGetDevice",1,1,1518,67943988420822,67943988420903
"HIP_RUNTIME_API_EXT","hipGetDevice",1,1,1519,67943988422154,67943988422244
"HIP_RUNTIME_API_EXT","hipGetDevice",1,1,1520,67943988422825,67943988422915
"HIP_RUNTIME_API_EXT","hipGetDevice",1,1,1521,67943988424848,67943988424948
"HIP_RUNTIME_API_EXT","hipGetDevice",1,1,1522,67943988425539,67943988425619
"HIP_RUNTIME_API_EXT","hipGetDevice",1,1,1523,67943988426170,67943988426260
"HIP_RUNTIME_API_EXT","hipGetDevice",1,1,1524,67943988427582,67943988427672
"HIP_RUNTIME_API_EXT","hipGetDevice",1,1,1525,67943988428223,67943988428313
"HIP_RUNTIME_API_EXT","hipGetDevice",1,1,1526,67943988436604,67943988436694
"HIP_RUNTIME_API_EXT","hipPointerGetAttribute",1,1,1527,67943988446357,67943988446538
"HIP_RUNTIME_API_EXT","hipPointerGetAttribute",1,1,1528,67943988447209,67943988447329
"HIP_RUNTIME_API_EXT","hipPointerGetAttribute",1,1,1529,67943988447960,67943988448080
"HIP_RUNTIME_API_EXT","hipModuleLaunchKernel",1,1,1530,67943988449251,67943988455920
"HIP_RUNTIME_API_EXT","hipGetDevice",1,1,1531,67943988459085,67943988459185
"HIP_RUNTIME_API_EXT","hipGetDevice",1,1,1532,67943988459946,67943988460036
"HIP_RUNTIME_API_EXT","hipGetDevice",1,1,1533,67943988460627,67943988460717
"HIP_RUNTIME_API_EXT","hipGetDevice",1,1,1534,67943988462029,67943988462119
"HIP_RUNTIME_API_EXT","hipGetDevice",1,1,1535,67943988462690,67943988462780
"HIP_RUNTIME_API_EXT","hipGetDevice",1,1,1536,67943988490958,67943988491058
"HIP_RUNTIME_API_EXT","hipGetDevice",1,1,1537,67943988491779,67943988491870
"HIP_RUNTIME_API_EXT","hipGetDevice",1,1,1538,67943988492490,67943988492571
"HIP_RUNTIME_API_EXT","hipGetDevice",1,1,1539,67943988494003,67943988494103
"HIP_RUNTIME_API_EXT","hipGetDevice",1,1,1540,67943988494653,67943988494744
"HIP_RUNTIME_API_EXT","hipGetDevice",1,1,1541,67943988500902,67943988501002
"HIP_RUNTIME_API_EXT","hipPointerGetAttribute",1,1,1542,67943988516463,67943988516643
"HIP_RUNTIME_API_EXT","hipPointerGetAttribute",1,1,1543,67943988517274,67943988517415
"HIP_RUNTIME_API_EXT","hipPointerGetAttribute",1,1,1544,67943988518045,67943988518156
"HIP_RUNTIME_API_EXT","hipPointerGetAttribute",1,1,1545,67943988518746,67943988518856
"HIP_RUNTIME_API_EXT","hipPointerGetAttribute",1,1,1546,67943988519487,67943988519618
"HIP_RUNTIME_API_EXT","hipModuleLaunchKernel",1,1,1547,67943988520559,67943988527218
"HIP_RUNTIME_API_EXT","hipGetDevice",1,1,1548,67943988534448,67943988534548
"HIP_RUNTIME_API_EXT","hipPointerGetAttribute",1,1,1549,67943988542218,67943988542359
"HIP_RUNTIME_API_EXT","hipPointerGetAttribute",1,1,1550,67943988543050,67943988543170
"HIP_RUNTIME_API_EXT","hipModuleLaunchKernel",1,1,1551,67943988543881,67943988549809
"HIP_RUNTIME_API_EXT","hipGetDevice",1,1,1552,67943988564449,67943988564549
"HIP_RUNTIME_API_EXT","hipGetDevice",1,1,1553,67943988565210,67943988565300
"HIP_RUNTIME_API_EXT","hipGetDevice",1,1,1554,67943988566391,67943988566482
"HIP_RUNTIME_API_EXT","hipGetDevice",1,1,1555,67943988567453,67943988567543
"HIP_RUNTIME_API_EXT","hipGetDevice",1,1,1556,67943988568094,67943988568184
"HIP_RUNTIME_API_EXT","hipGetDevice",1,1,1557,67943988570067,67943988570167
"HIP_RUNTIME_API_EXT","hipGetDevice",1,1,1558,67943988570747,67943988570838
"HIP_RUNTIME_API_EXT","hipGetDevice",1,1,1559,67943988571388,67943988571468
"HIP_RUNTIME_API_EXT","hipGetDevice",1,1,1560,67943988572580,67943988572680
"HIP_RUNTIME_API_EXT","hipGetDevice",1,1,1561,67943988573231,67943988573321
"HIP_RUNTIME_API_EXT","hipGetDevice",1,1,1562,67943988581112,67943988581212
"HIP_RUNTIME_API_EXT","hipPointerGetAttribute",1,1,1563,67943988590414,67943988590585
"HIP_RUNTIME_API_EXT","hipPointerGetAttribute",1,1,1564,67943988591245,67943988591376
"HIP_RUNTIME_API_EXT","hipPointerGetAttribute",1,1,1565,67943988591996,67943988592117
"HIP_RUNTIME_API_EXT","hipModuleLaunchKernel",1,1,1566,67943988593008,67943988599737
"HIP_RUNTIME_API_EXT","hipGetDevice",1,1,1567,67943988602731,67943988602831
"HIP_RUNTIME_API_EXT","hipGetDevice",1,1,1568,67943988603452,67943988603532
"HIP_RUNTIME_API_EXT","hipGetDevice",1,1,1569,67943988604123,67943988604213
"HIP_RUNTIME_API_EXT","hipGetDevice",1,1,1570,67943988605505,67943988605595
"HIP_RUNTIME_API_EXT","hipGetDevice",1,1,1571,67943988606176,67943988606266
"HIP_RUNTIME_API_EXT","hipGetDevice",1,1,1572,67943988633914,67943988634014
"HIP_RUNTIME_API_EXT","hipGetDevice",1,1,1573,67943988634675,67943988634765
"HIP_RUNTIME_API_EXT","hipGetDevice",1,1,1574,67943988635336,67943988635426
"HIP_RUNTIME_API_EXT","hipGetDevice",1,1,1575,67943988636497,67943988636597
"HIP_RUNTIME_API_EXT","hipGetDevice",1,1,1576,67943988637148,67943988637238
"HIP_RUNTIME_API_EXT","hipGetDevice",1,1,1577,67943988643086,67943988643186
"HIP_RUNTIME_API_EXT","hipPointerGetAttribute",1,1,1578,67943988658377,67943988658557
"HIP_RUNTIME_API_EXT","hipPointerGetAttribute",1,1,1579,67943988659198,67943988659339
"HIP_RUNTIME_API_EXT","hipPointerGetAttribute",1,1,1580,67943988659959,67943988660070
"HIP_RUNTIME_API_EXT","hipPointerGetAttribute",1,1,1581,67943988660710,67943988660821
"HIP_RUNTIME_API_EXT","hipPointerGetAttribute",1,1,1582,67943988661441,67943988661582
"HIP_RUNTIME_API_EXT","hipModuleLaunchKernel",1,1,1583,67943988662473,67943988669452
"HIP_RUNTIME_API_EXT","hipGetDevice",1,1,1584,67943988676873,67943988676973
"HIP_RUNTIME_API_EXT","hipPointerGetAttribute",1,1,1585,67943988685104,67943988685254
"HIP_RUNTIME_API_EXT","hipPointerGetAttribute",1,1,1586,67943988685935,67943988686055
"HIP_RUNTIME_API_EXT","hipModuleLaunchKernel",1,1,1587,67943988686776,67943988693415
"HIP_RUNTIME_API_EXT","hipGetDevice",1,1,1588,67943988707735,67943988707835
"HIP_RUNTIME_API_EXT","hipGetDevice",1,1,1589,67943988708476,67943988708566
"HIP_RUNTIME_API_EXT","hipGetDevice",1,1,1590,67943988709407,67943988709497
"HIP_RUNTIME_API_EXT","hipGetDevice",1,1,1591,67943988710468,67943988710559
"HIP_RUNTIME_API_EXT","hipGetDevice",1,1,1592,67943988711129,67943988711209
"HIP_RUNTIME_API_EXT","hipGetDevice",1,1,1593,67943988713112,67943988713212
"HIP_RUNTIME_API_EXT","hipGetDevice",1,1,1594,67943988713783,67943988713873
"HIP_RUNTIME_API_EXT","hipGetDevice",1,1,1595,67943988714414,67943988714504
"HIP_RUNTIME_API_EXT","hipGetDevice",1,1,1596,67943988715876,67943988715976
"HIP_RUNTIME_API_EXT","hipGetDevice",1,1,1597,67943988716537,67943988716627
"HIP_RUNTIME_API_EXT","hipGetDevice",1,1,1598,67943988724668,67943988724768
"HIP_RUNTIME_API_EXT","hipPointerGetAttribute",1,1,1599,67943988734652,67943988734812
"HIP_RUNTIME_API_EXT","hipPointerGetAttribute",1,1,1600,67943988735453,67943988735573
"HIP_RUNTIME_API_EXT","hipPointerGetAttribute",1,1,1601,67943988736234,67943988736344
"HIP_RUNTIME_API_EXT","hipModuleLaunchKernel",1,1,1602,67943988737185,67943988743714
"HIP_RUNTIME_API_EXT","hipGetDevice",1,1,1603,67943988746858,67943988746958
"HIP_RUNTIME_API_EXT","hipGetDevice",1,1,1604,67943988747549,67943988747629
"HIP_RUNTIME_API_EXT","hipGetDevice",1,1,1605,67943988748200,67943988748290
"HIP_RUNTIME_API_EXT","hipGetDevice",1,1,1606,67943988749522,67943988749622
"HIP_RUNTIME_API_EXT","hipGetDevice",1,1,1607,67943988750163,67943988750253
"HIP_RUNTIME_API_EXT","hipGetDevice",1,1,1608,67943988777841,67943988777941
"HIP_RUNTIME_API_EXT","hipGetDevice",1,1,1609,67943988778552,67943988778642
"HIP_RUNTIME_API_EXT","hipGetDevice",1,1,1610,67943988779202,67943988779293
"HIP_RUNTIME_API_EXT","hipGetDevice",1,1,1611,67943988780274,67943988780374
"HIP_RUNTIME_API_EXT","hipGetDevice",1,1,1612,67943988780935,67943988781025
"HIP_RUNTIME_API_EXT","hipGetDevice",1,1,1613,67943988786883,67943988786983
"HIP_RUNTIME_API_EXT","hipPointerGetAttribute",1,1,1614,67943988802424,67943988802614
"HIP_RUNTIME_API_EXT","hipPointerGetAttribute",1,1,1615,67943988803275,67943988803406
"HIP_RUNTIME_API_EXT","hipPointerGetAttribute",1,1,1616,67943988804066,67943988804177
"HIP_RUNTIME_API_EXT","hipPointerGetAttribute",1,1,1617,67943988804787,67943988804898
"HIP_RUNTIME_API_EXT","hipPointerGetAttribute",1,1,1618,67943988805769,67943988805909
"HIP_RUNTIME_API_EXT","hipModuleLaunchKernel",1,1,1619,67943988806760,67943988813049
"HIP_RUNTIME_API_EXT","hipGetDevice",1,1,1620,67943988820068,67943988820168
"HIP_RUNTIME_API_EXT","hipPointerGetAttribute",1,1,1621,67943988827799,67943988827939
"HIP_RUNTIME_API_EXT","hipPointerGetAttribute",1,1,1622,67943988828710,67943988828830
"HIP_RUNTIME_API_EXT","hipModuleLaunchKernel",1,1,1623,67943988829541,67943988835760
"HIP_RUNTIME_API_EXT","hipGetDevice",1,1,1624,67943988849358,67943988849468
"HIP_RUNTIME_API_EXT","hipGetDevice",1,1,1625,67943988850109,67943988850199
"HIP_RUNTIME_API_EXT","hipGetDevice",1,1,1626,67943988851311,67943988851401
"HIP_RUNTIME_API_EXT","hipGetDevice",1,1,1627,67943988852603,67943988852703
"HIP_RUNTIME_API_EXT","hipGetDevice",1,1,1628,67943988853274,67943988853364
"HIP_RUNTIME_API_EXT","hipGetDevice",1,1,1629,67943988855246,67943988855347
"HIP_RUNTIME_API_EXT","hipGetDevice",1,1,1630,67943988855927,67943988856017
"HIP_RUNTIME_API_EXT","hipGetDevice",1,1,1631,67943988856578,67943988856658
"HIP_RUNTIME_API_EXT","hipGetDevice",1,1,1632,67943988857800,67943988857900
"HIP_RUNTIME_API_EXT","hipGetDevice",1,1,1633,67943988858461,67943988858551
"HIP_RUNTIME_API_EXT","hipGetDevice",1,1,1634,67943988866372,67943988866472
"HIP_RUNTIME_API_EXT","hipPointerGetAttribute",1,1,1635,67943988875544,67943988875704
"HIP_RUNTIME_API_EXT","hipPointerGetAttribute",1,1,1636,67943988876385,67943988876505
"HIP_RUNTIME_API_EXT","hipPointerGetAttribute",1,1,1637,67943988877136,67943988877256
"HIP_RUNTIME_API_EXT","hipModuleLaunchKernel",1,1,1638,67943988878238,67943988884967
"HIP_RUNTIME_API_EXT","hipGetDevice",1,1,1639,67943988888021,67943988888111
"HIP_RUNTIME_API_EXT","hipGetDevice",1,1,1640,67943988888712,67943988888792
"HIP_RUNTIME_API_EXT","hipGetDevice",1,1,1641,67943988889403,67943988889493
"HIP_RUNTIME_API_EXT","hipGetDevice",1,1,1642,67943988890835,67943988890925
"HIP_RUNTIME_API_EXT","hipGetDevice",1,1,1643,67943988891466,67943988891556
"HIP_RUNTIME_API_EXT","hipGetDevice",1,1,1644,67943988918353,67943988918463
"HIP_RUNTIME_API_EXT","hipGetDevice",1,1,1645,67943988919124,67943988919214
"HIP_RUNTIME_API_EXT","hipGetDevice",1,1,1646,67943988919795,67943988919885
"HIP_RUNTIME_API_EXT","hipGetDevice",1,1,1647,67943988921177,67943988921267
"HIP_RUNTIME_API_EXT","hipGetDevice",1,1,1648,67943988921857,67943988921948
"HIP_RUNTIME_API_EXT","hipGetDevice",1,1,1649,67943988927926,67943988928026
"HIP_RUNTIME_API_EXT","hipPointerGetAttribute",1,1,1650,67943988943497,67943988943657
"HIP_RUNTIME_API_EXT","hipPointerGetAttribute",1,1,1651,67943988944318,67943988944458
"HIP_RUNTIME_API_EXT","hipPointerGetAttribute",1,1,1652,67943988945099,67943988945209
"HIP_RUNTIME_API_EXT","hipPointerGetAttribute",1,1,1653,67943988945840,67943988945960
"HIP_RUNTIME_API_EXT","hipPointerGetAttribute",1,1,1654,67943988946581,67943988946721
"HIP_RUNTIME_API_EXT","hipModuleLaunchKernel",1,1,1655,67943988947603,67943988953731
"HIP_RUNTIME_API_EXT","hipGetDevice",1,1,1656,67943988961011,67943988961111
"HIP_RUNTIME_API_EXT","hipPointerGetAttribute",1,1,1657,67943988968671,67943988968812
"HIP_RUNTIME_API_EXT","hipPointerGetAttribute",1,1,1658,67943988969453,67943988969573
"HIP_RUNTIME_API_EXT","hipModuleLaunchKernel",1,1,1659,67943988970284,67943988975811
"HIP_RUNTIME_API_EXT","hipGetDevice",1,1,1660,67943988988939,67943988989039
"HIP_RUNTIME_API_EXT","hipGetDevice",1,1,1661,67943988989680,67943988989770
"HIP_RUNTIME_API_EXT","hipGetDevice",1,1,1662,67943988990842,67943988990932
"HIP_RUNTIME_API_EXT","hipGetDevice",1,1,1663,67943988992294,67943988992394
"HIP_RUNTIME_API_EXT","hipGetDevice",1,1,1664,67943988992975,67943988993065
"HIP_RUNTIME_API_EXT","hipGetDevice",1,1,1665,67943988995388,67943988995488
"HIP_RUNTIME_API_EXT","hipGetDevice",1,1,1666,67943988996069,67943988996159
"HIP_RUNTIME_API_EXT","hipGetDevice",1,1,1667,67943988996700,67943988996790
"HIP_RUNTIME_API_EXT","hipGetDevice",1,1,1668,67943988997921,67943988998012
"HIP_RUNTIME_API_EXT","hipGetDevice",1,1,1669,67943988998572,67943988998662
"HIP_RUNTIME_API_EXT","hipGetDevice",1,1,1670,67943989010038,67943989010138
"HIP_RUNTIME_API_EXT","hipPointerGetAttribute",1,1,1671,67943989019711,67943989019912
"HIP_RUNTIME_API_EXT","hipPointerGetAttribute",1,1,1672,67943989020542,67943989020663
"HIP_RUNTIME_API_EXT","hipPointerGetAttribute",1,1,1673,67943989021303,67943989021424
"HIP_RUNTIME_API_EXT","hipModuleLaunchKernel",1,1,1674,67943989022315,67943989029214
"HIP_RUNTIME_API_EXT","hipGetDevice",1,1,1675,67943989032649,67943989032749
"HIP_RUNTIME_API_EXT","hipGetDevice",1,1,1676,67943989033330,67943989033420
"HIP_RUNTIME_API_EXT","hipGetDevice",1,1,1677,67943989034031,67943989034111
"HIP_RUNTIME_API_EXT","hipGetDevice",1,1,1678,67943989035613,67943989035703
"HIP_RUNTIME_API_EXT","hipGetDevice",1,1,1679,67943989036254,67943989036344
"HIP_RUNTIME_API_EXT","hipGetDevice",1,1,1680,67943989064012,67943989064112
"HIP_RUNTIME_API_EXT","hipGetDevice",1,1,1681,67943989064723,67943989064813
"HIP_RUNTIME_API_EXT","hipGetDevice",1,1,1682,67943989065374,67943989065464
"HIP_RUNTIME_API_EXT","hipGetDevice",1,1,1683,67943989066545,67943989066635
"HIP_RUNTIME_API_EXT","hipGetDevice",1,1,1684,67943989067406,67943989067547
"HIP_RUNTIME_API_EXT","hipGetDevice",1,1,1685,67943989073935,67943989074026
"HIP_RUNTIME_API_EXT","hipPointerGetAttribute",1,1,1686,67943989089507,67943989089687
"HIP_RUNTIME_API_EXT","hipPointerGetAttribute",1,1,1687,67943989090328,67943989090468
"HIP_RUNTIME_API_EXT","hipPointerGetAttribute",1,1,1688,67943989091129,67943989091249
"HIP_RUNTIME_API_EXT","hipPointerGetAttribute",1,1,1689,67943989091880,67943989092010
"HIP_RUNTIME_API_EXT","hipPointerGetAttribute",1,1,1690,67943989092601,67943989092751
"HIP_RUNTIME_API_EXT","hipModuleLaunchKernel",1,1,1691,67943989093622,67943989100161
"HIP_RUNTIME_API_EXT","hipGetDevice",1,1,1692,67943989107651,67943989107752
"HIP_RUNTIME_API_EXT","hipPointerGetAttribute",1,1,1693,67943989115412,67943989115552
"HIP_RUNTIME_API_EXT","hipPointerGetAttribute",1,1,1694,67943989116203,67943989116323
"HIP_RUNTIME_API_EXT","hipModuleLaunchKernel",1,1,1695,67943989117094,67943989123113
"HIP_RUNTIME_API_EXT","hipGetDevice",1,1,1696,67943989136671,67943989136771
"HIP_RUNTIME_API_EXT","hipGetDevice",1,1,1697,67943989137402,67943989137492
"HIP_RUNTIME_API_EXT","hipGetDevice",1,1,1698,67943989138584,67943989138674
"HIP_RUNTIME_API_EXT","hipGetDevice",1,1,1699,67943989140026,67943989140116
"HIP_RUNTIME_API_EXT","hipGetDevice",1,1,1700,67943989140687,67943989140767
"HIP_RUNTIME_API_EXT","hipGetDevice",1,1,1701,67943989142760,67943989142860
"HIP_RUNTIME_API_EXT","hipGetDevice",1,1,1702,67943989143440,67943989143521
"HIP_RUNTIME_API_EXT","hipGetDevice",1,1,1703,67943989143891,67943989143981
"HIP_RUNTIME_API_EXT","hipGetDevice",1,1,1704,67943989145133,67943989145223
"HIP_RUNTIME_API_EXT","hipGetDevice",1,1,1705,67943989145794,67943989145884
"HIP_RUNTIME_API_EXT","hipGetDevice",1,1,1706,67943989153714,67943989153805
"HIP_RUNTIME_API_EXT","hipPointerGetAttribute",1,1,1707,67943989162957,67943989163117
"HIP_RUNTIME_API_EXT","hipPointerGetAttribute",1,1,1708,67943989163808,67943989163938
"HIP_RUNTIME_API_EXT","hipPointerGetAttribute",1,1,1709,67943989164539,67943989164659
"HIP_RUNTIME_API_EXT","hipModuleLaunchKernel",1,1,1710,67943989165571,67943989172150
"HIP_RUNTIME_API_EXT","hipGetDevice",1,1,1711,67943989175104,67943989175204
"HIP_RUNTIME_API_EXT","hipGetDevice",1,1,1712,67943989175795,67943989175885
"HIP_RUNTIME_API_EXT","hipGetDevice",1,1,1713,67943989176486,67943989176576
"HIP_RUNTIME_API_EXT","hipGetDevice",1,1,1714,67943989177847,67943989177938
"HIP_RUNTIME_API_EXT","hipGetDevice",1,1,1715,67943989178488,67943989178578
"HIP_RUNTIME_API_EXT","hipGetDevice",1,1,1716,67943989205996,67943989206096
"HIP_RUNTIME_API_EXT","hipGetDevice",1,1,1717,67943989206717,67943989206807
"HIP_RUNTIME_API_EXT","hipGetDevice",1,1,1718,67943989207388,67943989207478
"HIP_RUNTIME_API_EXT","hipGetDevice",1,1,1719,67943989208519,67943989208610
"HIP_RUNTIME_API_EXT","hipGetDevice",1,1,1720,67943989209180,67943989209260
"HIP_RUNTIME_API_EXT","hipGetDevice",1,1,1721,67943989215259,67943989215359
"HIP_RUNTIME_API_EXT","hipPointerGetAttribute",1,1,1722,67943989231271,67943989231791
"HIP_RUNTIME_API_EXT","hipPointerGetAttribute",1,1,1723,67943989232512,67943989232662
"HIP_RUNTIME_API_EXT","hipPointerGetAttribute",1,1,1724,67943989233343,67943989233464
"HIP_RUNTIME_API_EXT","hipPointerGetAttribute",1,1,1725,67943989234074,67943989234195
"HIP_RUNTIME_API_EXT","hipPointerGetAttribute",1,1,1726,67943989234805,67943989234946
"HIP_RUNTIME_API_EXT","hipModuleLaunchKernel",1,1,1727,67943989235807,67943989242926
"HIP_RUNTIME_API_EXT","hipGetDevice",1,1,1728,67943989250577,67943989250677
"HIP_RUNTIME_API_EXT","hipPointerGetAttribute",1,1,1729,67943989258468,67943989258598
"HIP_RUNTIME_API_EXT","hipPointerGetAttribute",1,1,1730,67943989259249,67943989259369
"HIP_RUNTIME_API_EXT","hipModuleLaunchKernel",1,1,1731,67943989260140,67943989266689
"HIP_RUNTIME_API_EXT","hipGetDevice",1,1,1732,67943989280117,67943989280217
"HIP_RUNTIME_API_EXT","hipGetDevice",1,1,1733,67943989280868,67943989280958
"HIP_RUNTIME_API_EXT","hipGetDevice",1,1,1734,67943989281810,67943989281900
"HIP_RUNTIME_API_EXT","hipGetDevice",1,1,1735,67943989283302,67943989283392
"HIP_RUNTIME_API_EXT","hipGetDevice",1,1,1736,67943989284003,67943989284093
"HIP_RUNTIME_API_EXT","hipGetDevice",1,1,1737,67943989286025,67943989286126
"HIP_RUNTIME_API_EXT","hipGetDevice",1,1,1738,67943989286696,67943989286786
"HIP_RUNTIME_API_EXT","hipGetDevice",1,1,1739,67943989287347,67943989287437
"HIP_RUNTIME_API_EXT","hipGetDevice",1,1,1740,67943989288779,67943989288869
"HIP_RUNTIME_API_EXT","hipGetDevice",1,1,1741,67943989289430,67943989289510
"HIP_RUNTIME_API_EXT","hipGetDevice",1,1,1742,67943989297631,67943989297731
"HIP_RUNTIME_API_EXT","hipPointerGetAttribute",1,1,1743,67943989307054,67943989307204
"HIP_RUNTIME_API_EXT","hipPointerGetAttribute",1,1,1744,67943989307915,67943989308035
"HIP_RUNTIME_API_EXT","hipPointerGetAttribute",1,1,1745,67943989308656,67943989308766
"HIP_RUNTIME_API_EXT","hipModuleLaunchKernel",1,1,1746,67943989309658,67943989315916
"HIP_RUNTIME_API_EXT","hipGetDevice",1,1,1747,67943989318820,67943989318920
"HIP_RUNTIME_API_EXT","hipGetDevice",1,1,1748,67943989319511,67943989319601
"HIP_RUNTIME_API_EXT","hipGetDevice",1,1,1749,67943989320202,67943989320282
"HIP_RUNTIME_API_EXT","hipGetDevice",1,1,1750,67943989321734,67943989321824
"HIP_RUNTIME_API_EXT","hipGetDevice",1,1,1751,67943989326571,67943989326661
"HIP_RUNTIME_API_EXT","hipGetDevice",1,1,1752,67943989434538,67943989434639
"HIP_RUNTIME_API_EXT","hipGetDevice",1,1,1753,67943989435820,67943989435910
"HIP_RUNTIME_API_EXT","hipGetDevice",1,1,1754,67943989436551,67943989436641
"HIP_RUNTIME_API_EXT","hipGetDevice",1,1,1755,67943989437753,67943989437853
"HIP_RUNTIME_API_EXT","hipGetDevice",1,1,1756,67943989438434,67943989438524
"HIP_RUNTIME_API_EXT","hipGetDevice",1,1,1757,67943989444622,67943989444722
"HIP_RUNTIME_API_EXT","hipPointerGetAttribute",1,1,1758,67943989462567,67943989462757
"HIP_RUNTIME_API_EXT","hipPointerGetAttribute",1,1,1759,67943989463448,67943989463598
"HIP_RUNTIME_API_EXT","hipPointerGetAttribute",1,1,1760,67943989464199,67943989464309
"HIP_RUNTIME_API_EXT","hipPointerGetAttribute",1,1,1761,67943989464930,67943989465050
"HIP_RUNTIME_API_EXT","hipPointerGetAttribute",1,1,1762,67943989465681,67943989465821
"HIP_RUNTIME_API_EXT","hipModuleLaunchKernel",1,1,1763,67943989466592,67943989480451
"HIP_RUNTIME_API_EXT","hipGetDevice",1,1,1764,67943989488012,67943989488112
"HIP_RUNTIME_API_EXT","hipPointerGetAttribute",1,1,1765,67943989496183,67943989496323
"HIP_RUNTIME_API_EXT","hipPointerGetAttribute",1,1,1766,67943989496954,67943989497074
"HIP_RUNTIME_API_EXT","hipModuleLaunchKernel",1,1,1767,67943989497795,67943989503653
"HIP_RUNTIME_API_EXT","hipGetDevice",1,1,1768,67943989516541,67943989516641
"HIP_RUNTIME_API_EXT","hipGetDevice",1,1,1769,67943989517792,67943989517892
"HIP_RUNTIME_API_EXT","hipGetDevice",1,1,1770,67943989519224,67943989519314
"HIP_RUNTIME_API_EXT","hipGetDevice",1,1,1771,67943989520636,67943989520726
"HIP_RUNTIME_API_EXT","hipGetDevice",1,1,1772,67943989521277,67943989521357
"HIP_RUNTIME_API_EXT","hipGetDevice",1,1,1773,67943989523340,67943989523440
"HIP_RUNTIME_API_EXT","hipGetDevice",1,1,1774,67943989524031,67943989524111
"HIP_RUNTIME_API_EXT","hipGetDevice",1,1,1775,67943989524692,67943989524782
"HIP_RUNTIME_API_EXT","hipGetDevice",1,1,1776,67943989525733,67943989525823
"HIP_RUNTIME_API_EXT","hipGetDevice",1,1,1777,67943989526394,67943989526484
"HIP_RUNTIME_API_EXT","hipGetDevice",1,1,1778,67943989534695,67943989534786
"HIP_RUNTIME_API_EXT","hipPointerGetAttribute",1,1,1779,67943989544339,67943989544509
"HIP_RUNTIME_API_EXT","hipPointerGetAttribute",1,1,1780,67943989545180,67943989545290
"HIP_RUNTIME_API_EXT","hipPointerGetAttribute",1,1,1781,67943989545901,67943989546021
"HIP_RUNTIME_API_EXT","hipModuleLaunchKernel",1,1,1782,67943989546782,67943989553511
"HIP_RUNTIME_API_EXT","hipGetDevice",1,1,1783,67943989556686,67943989556786
"HIP_RUNTIME_API_EXT","hipGetDevice",1,1,1784,67943989557406,67943989557487
"HIP_RUNTIME_API_EXT","hipGetDevice",1,1,1785,67943989558077,67943989558158
"HIP_RUNTIME_API_EXT","hipGetDevice",1,1,1786,67943989559119,67943989559219
"HIP_RUNTIME_API_EXT","hipGetDevice",1,1,1787,67943989560020,67943989560100
"HIP_RUNTIME_API_EXT","hipGetDevice",1,1,1788,67943989589180,67943989589280
"HIP_RUNTIME_API_EXT","hipGetDevice",1,1,1789,67943989589881,67943989589971
"HIP_RUNTIME_API_EXT","hipGetDevice",1,1,1790,67943989590572,67943989590662
"HIP_RUNTIME_API_EXT","hipGetDevice",1,1,1791,67943989592194,67943989592284
"HIP_RUNTIME_API_EXT","hipGetDevice",1,1,1792,67943989592845,67943989592935
"HIP_RUNTIME_API_EXT","hipGetDevice",1,1,1793,67943989598883,67943989598983
"HIP_RUNTIME_API_EXT","hipPointerGetAttribute",1,1,1794,67943989614274,67943989614454
"HIP_RUNTIME_API_EXT","hipPointerGetAttribute",1,1,1795,67943989615145,67943989615286
"HIP_RUNTIME_API_EXT","hipPointerGetAttribute",1,1,1796,67943989615886,67943989615997
"HIP_RUNTIME_API_EXT","hipPointerGetAttribute",1,1,1797,67943989616627,67943989616748
"HIP_RUNTIME_API_EXT","hipPointerGetAttribute",1,1,1798,67943989617338,67943989617479
"HIP_RUNTIME_API_EXT","hipModuleLaunchKernel",1,1,1799,67943989618350,67943989625319
"HIP_RUNTIME_API_EXT","hipGetDevice",1,1,1800,67943989632760,67943989632860
"HIP_RUNTIME_API_EXT","hipPointerGetAttribute",1,1,1801,67943989640220,67943989640360
"HIP_RUNTIME_API_EXT","hipPointerGetAttribute",1,1,1802,67943989641031,67943989641151
"HIP_RUNTIME_API_EXT","hipModuleLaunchKernel",1,1,1803,67943989641912,67943989647440
"HIP_RUNTIME_API_EXT","hipGetDevice",1,1,1804,67943989660768,67943989660868
"HIP_RUNTIME_API_EXT","hipGetDevice",1,1,1805,67943989661489,67943989661579
"HIP_RUNTIME_API_EXT","hipGetDevice",1,1,1806,67943989662670,67943989662761
"HIP_RUNTIME_API_EXT","hipGetDevice",1,1,1807,67943989663752,67943989663842
"HIP_RUNTIME_API_EXT","hipGetDevice",1,1,1808,67943989664393,67943989664483
"HIP_RUNTIME_API_EXT","hipGetDevice",1,1,1809,67943989666446,67943989666556
"HIP_RUNTIME_API_EXT","hipGetDevice",1,1,1810,67943989667127,67943989667217
"HIP_RUNTIME_API_EXT","hipGetDevice",1,1,1811,67943989667777,67943989667868
"HIP_RUNTIME_API_EXT","hipGetDevice",1,1,1812,67943989668979,67943989669079
"HIP_RUNTIME_API_EXT","hipGetDevice",1,1,1813,67943989669610,67943989669700
"HIP_RUNTIME_API_EXT","hipGetDevice",1,1,1814,67943989677931,67943989678031
"HIP_RUNTIME_API_EXT","hipPointerGetAttribute",1,1,1815,67943989687514,67943989687665
"HIP_RUNTIME_API_EXT","hipPointerGetAttribute",1,1,1816,67943989688315,67943989688446
"HIP_RUNTIME_API_EXT","hipPointerGetAttribute",1,1,1817,67943989689057,67943989689167
"HIP_RUNTIME_API_EXT","hipModuleLaunchKernel",1,1,1818,67943989690008,67943989696487
"HIP_RUNTIME_API_EXT","hipGetDevice",1,1,1819,67943989699571,67943989699671
"HIP_RUNTIME_API_EXT","hipGetDevice",1,1,1820,67943989700282,67943989700372
"HIP_RUNTIME_API_EXT","hipGetDevice",1,1,1821,67943989700993,67943989701073
"HIP_RUNTIME_API_EXT","hipGetDevice",1,1,1822,67943989702365,67943989702465
"HIP_RUNTIME_API_EXT","hipGetDevice",1,1,1823,67943989703026,67943989703116
"HIP_RUNTIME_API_EXT","hipGetDevice",1,1,1824,67943989730463,67943989730563
"HIP_RUNTIME_API_EXT","hipGetDevice",1,1,1825,67943989731164,67943989731254
"HIP_RUNTIME_API_EXT","hipGetDevice",1,1,1826,67943989731885,67943989731975
"HIP_RUNTIME_API_EXT","hipGetDevice",1,1,1827,67943989733037,67943989733127
"HIP_RUNTIME_API_EXT","hipGetDevice",1,1,1828,67943989733678,67943989733768
"HIP_RUNTIME_API_EXT","hipGetDevice",1,1,1829,67943989739746,67943989739846
"HIP_RUNTIME_API_EXT","hipPointerGetAttribute",1,1,1830,67943989755407,67943989755577
"HIP_RUNTIME_API_EXT","hipPointerGetAttribute",1,1,1831,67943989756298,67943989756449
"HIP_RUNTIME_API_EXT","hipPointerGetAttribute",1,1,1832,67943989757100,67943989757210
"HIP_RUNTIME_API_EXT","hipPointerGetAttribute",1,1,1833,67943989757871,67943989757981
"HIP_RUNTIME_API_EXT","hipPointerGetAttribute",1,1,1834,67943989758582,67943989758712
"HIP_RUNTIME_API_EXT","hipModuleLaunchKernel",1,1,1835,67943989759603,67943989766222
"HIP_RUNTIME_API_EXT","hipGetDevice",1,1,1836,67943989773973,67943989774073
"HIP_RUNTIME_API_EXT","hipPointerGetAttribute",1,1,1837,67943989782034,67943989782184
"HIP_RUNTIME_API_EXT","hipPointerGetAttribute",1,1,1838,67943989782855,67943989782965
"HIP_RUNTIME_API_EXT","hipModuleLaunchKernel",1,1,1839,67943989783706,67943989789995
"HIP_RUNTIME_API_EXT","hipGetDevice",1,1,1840,67943989803944,67943989804044
"HIP_RUNTIME_API_EXT","hipGetDevice",1,1,1841,67943989804675,67943989804775
"HIP_RUNTIME_API_EXT","hipGetDevice",1,1,1842,67943989805886,67943989805976
"HIP_RUNTIME_API_EXT","hipGetDevice",1,1,1843,67943989806958,67943989807048
"HIP_RUNTIME_API_EXT","hipGetDevice",1,1,1844,67943989807609,67943989807699
"HIP_RUNTIME_API_EXT","hipGetDevice",1,1,1845,67943989809591,67943989809691
"HIP_RUNTIME_API_EXT","hipGetDevice",1,1,1846,67943989810292,67943989810382
"HIP_RUNTIME_API_EXT","hipGetDevice",1,1,1847,67943989810953,67943989811043
"HIP_RUNTIME_API_EXT","hipGetDevice",1,1,1848,67943989812155,67943989812245
"HIP_RUNTIME_API_EXT","hipGetDevice",1,1,1849,67943989812796,67943989812876
"HIP_RUNTIME_API_EXT","hipGetDevice",1,1,1850,67943989820877,67943989820977
"HIP_RUNTIME_API_EXT","hipPointerGetAttribute",1,1,1851,67943989830470,67943989830640
"HIP_RUNTIME_API_EXT","hipPointerGetAttribute",1,1,1852,67943989831291,67943989831411
"HIP_RUNTIME_API_EXT","hipPointerGetAttribute",1,1,1853,67943989832082,67943989832192
"HIP_RUNTIME_API_EXT","hipModuleLaunchKernel",1,1,1854,67943989833003,67943989839362
"HIP_RUNTIME_API_EXT","hipGetDevice",1,1,1855,67943989842827,67943989842927
"HIP_RUNTIME_API_EXT","hipGetDevice",1,1,1856,67943989843748,67943989843828
"HIP_RUNTIME_API_EXT","hipGetDevice",1,1,1857,67943989844459,67943989844549
"HIP_RUNTIME_API_EXT","hipGetDevice",1,1,1858,67943989845831,67943989845931
"HIP_RUNTIME_API_EXT","hipGetDevice",1,1,1859,67943989846492,67943989846582
"HIP_RUNTIME_API_EXT","hipGetDevice",1,1,1860,67943989873969,67943989874069
"HIP_RUNTIME_API_EXT","hipGetDevice",1,1,1861,67943989874961,67943989875051
"HIP_RUNTIME_API_EXT","hipGetDevice",1,1,1862,67943989875612,67943989875702
"HIP_RUNTIME_API_EXT","hipGetDevice",1,1,1863,67943989876733,67943989876823
"HIP_RUNTIME_API_EXT","hipGetDevice",1,1,1864,67943989877374,67943989877454
"HIP_RUNTIME_API_EXT","hipGetDevice",1,1,1865,67943989883492,67943989883593
"HIP_RUNTIME_API_EXT","hipPointerGetAttribute",1,1,1866,67943989899164,67943989899564
"HIP_RUNTIME_API_EXT","hipPointerGetAttribute",1,1,1867,67943989900205,67943989900616
"HIP_RUNTIME_API_EXT","hipPointerGetAttribute",1,1,1868,67943989901457,67943989901797
"HIP_RUNTIME_API_EXT","hipPointerGetAttribute",1,1,1869,67943989902408,67943989902739
"HIP_RUNTIME_API_EXT","hipPointerGetAttribute",1,1,1870,67943989903360,67943989903790
"HIP_RUNTIME_API_EXT","hipModuleLaunchKernel",1,1,1871,67943989904651,67943989911701
"HIP_RUNTIME_API_EXT","hipGetDevice",1,1,1872,67943989919001,67943989919101
"HIP_RUNTIME_API_EXT","hipPointerGetAttribute",1,1,1873,67943989926952,67943989927312
"HIP_RUNTIME_API_EXT","hipPointerGetAttribute",1,1,1874,67943989927973,67943989928093
"HIP_RUNTIME_API_EXT","hipModuleLaunchKernel",1,1,1875,67943989928874,67943989934472
"HIP_RUNTIME_API_EXT","hipGetDevice",1,1,1876,67943989948181,67943989948281
"HIP_RUNTIME_API_EXT","hipGetDevice",1,1,1877,67943989948922,67943989949012
"HIP_RUNTIME_API_EXT","hipGetDevice",1,1,1878,67943989950083,67943989950164
"HIP_RUNTIME_API_EXT","hipGetDevice",1,1,1879,67943989951215,67943989951305
"HIP_RUNTIME_API_EXT","hipGetDevice",1,1,1880,67943989951876,67943989951966
"HIP_RUNTIME_API_EXT","hipGetDevice",1,1,1881,67943989953899,67943989953999
"HIP_RUNTIME_API_EXT","hipGetDevice",1,1,1882,67943989954590,67943989954670
"HIP_RUNTIME_API_EXT","hipGetDevice",1,1,1883,67943989955210,67943989955301
"HIP_RUNTIME_API_EXT","hipGetDevice",1,1,1884,67943989956422,67943989956522
"HIP_RUNTIME_API_EXT","hipGetDevice",1,1,1885,67943989957063,67943989957153
"HIP_RUNTIME_API_EXT","hipGetDevice",1,1,1886,67943989965304,67943989965404
"HIP_RUNTIME_API_EXT","hipPointerGetAttribute",1,1,1887,67943989974867,67943989975018
"HIP_RUNTIME_API_EXT","hipPointerGetAttribute",1,1,1888,67943989975698,67943989975809
"HIP_RUNTIME_API_EXT","hipPointerGetAttribute",1,1,1889,67943989976429,67943989976550
"HIP_RUNTIME_API_EXT","hipModuleLaunchKernel",1,1,1890,67943989977391,67943989984040
"HIP_RUNTIME_API_EXT","hipGetDevice",1,1,1891,67943989987014,67943989987114
"HIP_RUNTIME_API_EXT","hipGetDevice",1,1,1892,67943989987915,67943989988005
"HIP_RUNTIME_API_EXT","hipGetDevice",1,1,1893,67943989988576,67943989988666
"HIP_RUNTIME_API_EXT","hipGetDevice",1,1,1894,67943989990008,67943989990108
"HIP_RUNTIME_API_EXT","hipGetDevice",1,1,1895,67943989990649,67943989990729
"HIP_RUNTIME_API_EXT","hipGetDevice",1,1,1896,67943990021591,67943990021691
"HIP_RUNTIME_API_EXT","hipGetDevice",1,1,1897,67943990022282,67943990022372
"HIP_RUNTIME_API_EXT","hipGetDevice",1,1,1898,67943990022943,67943990023033
"HIP_RUNTIME_API_EXT","hipGetDevice",1,1,1899,67943990024055,67943990024145
"HIP_RUNTIME_API_EXT","hipGetDevice",1,1,1900,67943990024695,67943990024786
"HIP_RUNTIME_API_EXT","hipGetDevice",1,1,1901,67943990030904,67943990031004
"HIP_RUNTIME_API_EXT","hipPointerGetAttribute",1,1,1902,67943990047126,67943990047306
"HIP_RUNTIME_API_EXT","hipPointerGetAttribute",1,1,1903,67943990047987,67943990048127
"HIP_RUNTIME_API_EXT","hipPointerGetAttribute",1,1,1904,67943990048728,67943990048838
"HIP_RUNTIME_API_EXT","hipPointerGetAttribute",1,1,1905,67943990049459,67943990049569
"HIP_RUNTIME_API_EXT","hipPointerGetAttribute",1,1,1906,67943990050230,67943990050371
"HIP_RUNTIME_API_EXT","hipModuleLaunchKernel",1,1,1907,67943990051222,67943990063438
"HIP_RUNTIME_API_EXT","hipGetDevice",1,1,1908,67943990071189,67943990071289
"HIP_RUNTIME_API_EXT","hipPointerGetAttribute",1,1,1909,67943990079731,67943990079871
"HIP_RUNTIME_API_EXT","hipPointerGetAttribute",1,1,1910,67943990080562,67943990080682
"HIP_RUNTIME_API_EXT","hipModuleLaunchKernel",1,1,1911,67943990081623,67943990087581
"HIP_RUNTIME_API_EXT","hipGetDevice",1,1,1912,67943990102221,67943990102322
"HIP_RUNTIME_API_EXT","hipGetDevice",1,1,1913,67943990102932,67943990103023
"HIP_RUNTIME_API_EXT","hipGetDevice",1,1,1914,67943990103894,67943990103984
"HIP_RUNTIME_API_EXT","hipGetDevice",1,1,1915,67943990104995,67943990105095
"HIP_RUNTIME_API_EXT","hipGetDevice",1,1,1916,67943990105686,67943990105766
"HIP_RUNTIME_API_EXT","hipGetDevice",1,1,1917,67943990107709,67943990107819
"HIP_RUNTIME_API_EXT","hipGetDevice",1,1,1918,67943990108450,67943990108540
"HIP_RUNTIME_API_EXT","hipGetDevice",1,1,1919,67943990109101,67943990109181
"HIP_RUNTIME_API_EXT","hipGetDevice",1,1,1920,67943990110493,67943990110593
"HIP_RUNTIME_API_EXT","hipGetDevice",1,1,1921,67943990111194,67943990111284
"HIP_RUNTIME_API_EXT","hipGetDevice",1,1,1922,67943990119545,67943990119645
"HIP_RUNTIME_API_EXT","hipPointerGetAttribute",1,1,1923,67943990129028,67943990129188
"HIP_RUNTIME_API_EXT","hipPointerGetAttribute",1,1,1924,67943990129859,67943990129989
"HIP_RUNTIME_API_EXT","hipPointerGetAttribute",1,1,1925,67943990130590,67943990130700
"HIP_RUNTIME_API_EXT","hipModuleLaunchKernel",1,1,1926,67943990131552,67943990137790
"HIP_RUNTIME_API_EXT","hipGetDevice",1,1,1927,67943990140984,67943990141085
"HIP_RUNTIME_API_EXT","hipGetDevice",1,1,1928,67943990141685,67943990141766
"HIP_RUNTIME_API_EXT","hipGetDevice",1,1,1929,67943990142396,67943990142477
"HIP_RUNTIME_API_EXT","hipGetDevice",1,1,1930,67943990143878,67943990143979
"HIP_RUNTIME_API_EXT","hipGetDevice",1,1,1931,67943990144529,67943990144619
"HIP_RUNTIME_API_EXT","hipGetDevice",1,1,1932,67943990171837,67943990171937
"HIP_RUNTIME_API_EXT","hipGetDevice",1,1,1933,67943990172548,67943990172628
"HIP_RUNTIME_API_EXT","hipGetDevice",1,1,1934,67943990173219,67943990173309
"HIP_RUNTIME_API_EXT","hipGetDevice",1,1,1935,67943990174370,67943990174470
"HIP_RUNTIME_API_EXT","hipGetDevice",1,1,1936,67943990175061,67943990175151
"HIP_RUNTIME_API_EXT","hipGetDevice",1,1,1937,67943990180969,67943990181069
"HIP_RUNTIME_API_EXT","hipPointerGetAttribute",1,1,1938,67943990196881,67943990197061
"HIP_RUNTIME_API_EXT","hipPointerGetAttribute",1,1,1939,67943990197712,67943990197862
"HIP_RUNTIME_API_EXT","hipPointerGetAttribute",1,1,1940,67943990198713,67943990198824
"HIP_RUNTIME_API_EXT","hipPointerGetAttribute",1,1,1941,67943990199424,67943990199545
"HIP_RUNTIME_API_EXT","hipPointerGetAttribute",1,1,1942,67943990200135,67943990200276
"HIP_RUNTIME_API_EXT","hipModuleLaunchKernel",1,1,1943,67943990201167,67943990207846
"HIP_RUNTIME_API_EXT","hipGetDevice",1,1,1944,67943990215196,67943990215296
"HIP_RUNTIME_API_EXT","hipPointerGetAttribute",1,1,1945,67943990223037,67943990223177
"HIP_RUNTIME_API_EXT","hipPointerGetAttribute",1,1,1946,67943990223838,67943990223958
"HIP_RUNTIME_API_EXT","hipModuleLaunchKernel",1,1,1947,67943990224679,67943990230687
"HIP_RUNTIME_API_EXT","hipGetDevice",1,1,1948,67943990244356,67943990244456
"HIP_RUNTIME_API_EXT","hipGetDevice",1,1,1949,67943990245087,67943990245177
"HIP_RUNTIME_API_EXT","hipGetDevice",1,1,1950,67943990246298,67943990246389
"HIP_RUNTIME_API_EXT","hipGetDevice",1,1,1951,67943990247340,67943990247430
"HIP_RUNTIME_API_EXT","hipGetDevice",1,1,1952,67943990247991,67943990248081
"HIP_RUNTIME_API_EXT","hipGetDevice",1,1,1953,67943990250034,67943990250134
"HIP_RUNTIME_API_EXT","hipGetDevice",1,1,1954,67943990250715,67943990250805
"HIP_RUNTIME_API_EXT","hipGetDevice",1,1,1955,67943990251355,67943990251435
"HIP_RUNTIME_API_EXT","hipGetDevice",1,1,1956,67943990252537,67943990252627
"HIP_RUNTIME_API_EXT","hipGetDevice",1,1,1957,67943990253168,67943990253258
"HIP_RUNTIME_API_EXT","hipGetDevice",1,1,1958,67943990261319,67943990261419
"HIP_RUNTIME_API_EXT","hipPointerGetAttribute",1,1,1959,67943990271863,67943990272024
"HIP_RUNTIME_API_EXT","hipPointerGetAttribute",1,1,1960,67943990272685,67943990272805
"HIP_RUNTIME_API_EXT","hipPointerGetAttribute",1,1,1961,67943990273416,67943990273526
"HIP_RUNTIME_API_EXT","hipModuleLaunchKernel",1,1,1962,67943990274397,67943990280816
"HIP_RUNTIME_API_EXT","hipGetDevice",1,1,1963,67943990284100,67943990284200
"HIP_RUNTIME_API_EXT","hipGetDevice",1,1,1964,67943990285001,67943990285092
"HIP_RUNTIME_API_EXT","hipGetDevice",1,1,1965,67943990285662,67943990285752
"HIP_RUNTIME_API_EXT","hipGetDevice",1,1,1966,67943990286864,67943990286954
"HIP_RUNTIME_API_EXT","hipGetDevice",1,1,1967,67943990287525,67943990287605
"HIP_RUNTIME_API_EXT","hipGetDevice",1,1,1968,67943990315363,67943990315463
"HIP_RUNTIME_API_EXT","hipGetDevice",1,1,1969,67943990316094,67943990316184
"HIP_RUNTIME_API_EXT","hipGetDevice",1,1,1970,67943990316745,67943990316835
"HIP_RUNTIME_API_EXT","hipGetDevice",1,1,1971,67943990318097,67943990318187
"HIP_RUNTIME_API_EXT","hipGetDevice",1,1,1972,67943990318748,67943990318838
"HIP_RUNTIME_API_EXT","hipGetDevice",1,1,1973,67943990324816,67943990324906
"HIP_RUNTIME_API_EXT","hipPointerGetAttribute",1,1,1974,67943990340698,67943990340878
"HIP_RUNTIME_API_EXT","hipPointerGetAttribute",1,1,1975,67943990341559,67943990341689
"HIP_RUNTIME_API_EXT","hipPointerGetAttribute",1,1,1976,67943990342300,67943990342410
"HIP_RUNTIME_API_EXT","hipPointerGetAttribute",1,1,1977,67943990343051,67943990343161
"HIP_RUNTIME_API_EXT","hipPointerGetAttribute",1,1,1978,67943990343772,67943990343912
"HIP_RUNTIME_API_EXT","hipModuleLaunchKernel",1,1,1979,67943990344793,67943990351472
"HIP_RUNTIME_API_EXT","hipGetDevice",1,1,1980,67943990358872,67943990358973
"HIP_RUNTIME_API_EXT","hipPointerGetAttribute",1,1,1981,67943990366593,67943990366743
"HIP_RUNTIME_API_EXT","hipPointerGetAttribute",1,1,1982,67943990367404,67943990367524
"HIP_RUNTIME_API_EXT","hipModuleLaunchKernel",1,1,1983,67943990368265,67943990374734
"HIP_RUNTIME_API_EXT","hipGetDevice",1,1,1984,67943990389594,67943990389695
"HIP_RUNTIME_API_EXT","hipGetDevice",1,1,1985,67943990394942,67943990395042
"HIP_RUNTIME_API_EXT","hipGetDevice",1,1,1986,67943990397756,67943990397856
"HIP_RUNTIME_API_EXT","hipEventCreateWithFlags",1,1,1987,67943990398827,67943990399518
"HIP_RUNTIME_API_EXT","hipGetDevice",1,1,1988,67943990400189,67943990400279
"HIP_RUNTIME_API_EXT","hipGetDevice",1,1,1989,67943990400820,67943990400910
"HIP_RUNTIME_API_EXT","hipGetDevice",1,1,1990,67943990402031,67943990402122
"HIP_RUNTIME_API_EXT","hipStreamIsCapturing",1,1,1991,67943990403123,67943990403584
"HIP_RUNTIME_API_EXT","hipEventRecordWithFlags",1,1,1992,67943990404705,67943990412806
"HIP_RUNTIME_API_EXT","hipGetDevice",1,1,1993,67943990413557,67943990413657
"HIP_RUNTIME_API_EXT","hipGetDevice",1,1,1994,67943990417993,67943990418093
"HIP_RUNTIME_API_EXT","hipGetDevice",1,1,1995,67943990419856,67943990419956
"HIP_RUNTIME_API_EXT","hipDeviceSynchronize",1,1,1996,67943990421989,67943990434235
"HIP_RUNTIME_API_EXT","hipGetDevice",1,1,1997,67943990436158,67943990436258
"HIP_RUNTIME_API_EXT","hipEventQuery",1,1,1998,67943990453492,67943990455865
"HIP_RUNTIME_API_EXT","hipEventQuery",1,1,1999,67943990457858,67943990458228
"HIP_RUNTIME_API_EXT","hipGetDevice",1,1,2000,67943990461873,67943990461973
"HIP_RUNTIME_API_EXT","hipEventElapsedTime",1,1,2001,67943990463115,67943990466169
"HIP_RUNTIME_API_EXT","hipGetDevice",1,1,2002,67943990469784,67943990469884
"HIP_RUNTIME_API_EXT","hipGetDevice",1,1,2003,67943990472077,67943990472167
"HIP_RUNTIME_API_EXT","hipEventDestroy",1,1,2004,67943990474851,67943990477795
"HIP_RUNTIME_API_EXT","hipGetDevice",1,1,2005,67943990481780,67943990481881
"HIP_RUNTIME_API_EXT","hipGetDevice",1,1,2006,67943990482642,67943990482732
"HIP_RUNTIME_API_EXT","hipEventDestroy",1,1,2007,67943990483563,67943990483743
"HIP_RUNTIME_API_EXT","hipGetDevice",1,1,2008,67943990487018,67943990487118
"HIP_RUNTIME_API_EXT","hipFree",1,1,2009,67943990545598,67943990565505
"HIP_RUNTIME_API_EXT","hipFree",1,1,2010,67943993932639,67943994067063
"HIP_RUNTIME_API_EXT","hipFree",1,1,2011,67943994068474,67943994188368
